Micro Code,Domain,Category Code,Category 中文,Skill Code,Skill 中文,Skill English,Micro-skill 中文,國中來源,高中來源,建議年段,備註
GRAM_G1_SENT_PAT_01,Grammar,G1,句子與結構一致,GRAM_G1_SENT_PAT,基本句型,Basic Sentence Patterns,第一句型 S + Vi,✓,✓,國中＋高中,
GRAM_G1_SENT_PAT_02,Grammar,G1,句子與結構一致,GRAM_G1_SENT_PAT,基本句型,Basic Sentence Patterns,第二句型 S + Vi + SC,✓,✓,國中＋高中,
GRAM_G1_SENT_PAT_03,Grammar,G1,句子與結構一致,GRAM_G1_SENT_PAT,基本句型,Basic Sentence Patterns,第三句型 S + Vt + O,✓,✓,國中＋高中,
GRAM_G1_SENT_PAT_04,Grammar,G1,句子與結構一致,GRAM_G1_SENT_PAT,基本句型,Basic Sentence Patterns,第四句型 S + Vt + IO + DO,✓,✓,國中＋高中,
GRAM_G1_SENT_PAT_05,Grammar,G1,句子與結構一致,GRAM_G1_SENT_PAT,基本句型,Basic Sentence Patterns,第五句型 S + Vt + O + OC,✓,✓,國中＋高中,
GRAM_G1_SENT_PAT_06,Grammar,G1,句子與結構一致,GRAM_G1_SENT_PAT,基本句型,Basic Sentence Patterns,句子結構分析,✓,✓,國中＋高中,
GRAM_G1_SENT_PAT_07,Grammar,G1,句子與結構一致,GRAM_G1_SENT_PAT,基本句型,Basic Sentence Patterns,there be 句型,✓,✓,國中＋高中,Owner Decision：there be 歸 G1；Here/There 與地方副詞倒裝留 G10 Inversion
GRAM_G1_SENT_ELEM_01,Grammar,G1,句子與結構一致,GRAM_G1_SENT_ELEM,句子成分,Sentence Elements,主詞,,✓,高中,
GRAM_G1_SENT_ELEM_02,Grammar,G1,句子與結構一致,GRAM_G1_SENT_ELEM,句子成分,Sentence Elements,受詞,,✓,高中,
GRAM_G1_SENT_ELEM_03,Grammar,G1,句子與結構一致,GRAM_G1_SENT_ELEM,句子成分,Sentence Elements,主詞補語,,✓,高中,
GRAM_G1_SENT_ELEM_04,Grammar,G1,句子與結構一致,GRAM_G1_SENT_ELEM,句子成分,Sentence Elements,受詞補語,,✓,高中,
GRAM_G1_SENT_ELEM_05,Grammar,G1,句子與結構一致,GRAM_G1_SENT_ELEM,句子成分,Sentence Elements,名詞補語 vs 形容詞補語,,✓,高中,
GRAM_G1_SENT_ELEM_06,Grammar,G1,句子與結構一致,GRAM_G1_SENT_ELEM,句子成分,Sentence Elements,OC：V-ing vs p.p.,,✓,高中,
GRAM_G1_AGREEMENT_01,Grammar,G1,句子與結構一致,GRAM_G1_AGREEMENT,主動詞一致,Subject–Verb Agreement,單數主詞,,✓,高中,
GRAM_G1_AGREEMENT_02,Grammar,G1,句子與結構一致,GRAM_G1_AGREEMENT,主動詞一致,Subject–Verb Agreement,複數主詞,,✓,高中,
GRAM_G1_AGREEMENT_03,Grammar,G1,句子與結構一致,GRAM_G1_AGREEMENT,主動詞一致,Subject–Verb Agreement,集合名詞,,✓,高中,
GRAM_G1_AGREEMENT_04,Grammar,G1,句子與結構一致,GRAM_G1_AGREEMENT,主動詞一致,Subject–Verb Agreement,不定代名詞作主詞,,✓,高中,
GRAM_G1_AGREEMENT_05,Grammar,G1,句子與結構一致,GRAM_G1_AGREEMENT,主動詞一致,Subject–Verb Agreement,視意義而定,,✓,高中,
GRAM_G1_AGREEMENT_06,Grammar,G1,句子與結構一致,GRAM_G1_AGREEMENT,主動詞一致,Subject–Verb Agreement,特殊一致規則,,✓,高中,
GRAM_G1_VERB_COMP_01,Grammar,G1,句子與結構一致,GRAM_G1_VERB_COMP,動詞配價與補語,Verb Complementation,及物與不及物,✓,✓,國中＋高中,
GRAM_G1_VERB_COMP_02,Grammar,G1,句子與結構一致,GRAM_G1_VERB_COMP,動詞配價與補語,Verb Complementation,連綴動詞,✓,✓,國中＋高中,
GRAM_G1_VERB_COMP_03,Grammar,G1,句子與結構一致,GRAM_G1_VERB_COMP,動詞配價與補語,Verb Complementation,授與動詞,✓,✓,國中＋高中,
GRAM_G1_VERB_COMP_04,Grammar,G1,句子與結構一致,GRAM_G1_VERB_COMP,動詞配價與補語,Verb Complementation,使役動詞,✓,✓,國中＋高中,
GRAM_G1_VERB_COMP_05,Grammar,G1,句子與結構一致,GRAM_G1_VERB_COMP,動詞配價與補語,Verb Complementation,感官動詞,✓,✓,國中＋高中,
GRAM_G1_VERB_COMP_06,Grammar,G1,句子與結構一致,GRAM_G1_VERB_COMP,動詞配價與補語,Verb Complementation,動詞後接補語結構,✓,✓,國中＋高中,
GRAM_G1_NOUN_CLAUSE_01,Grammar,G1,句子與結構一致,GRAM_G1_NOUN_CLAUSE,名詞子句,Noun Clauses,that 名詞子句,✓,✓,國中＋高中,
GRAM_G1_NOUN_CLAUSE_02,Grammar,G1,句子與結構一致,GRAM_G1_NOUN_CLAUSE,名詞子句,Noun Clauses,whether / if 名詞子句,✓,✓,國中＋高中,
GRAM_G1_NOUN_CLAUSE_03,Grammar,G1,句子與結構一致,GRAM_G1_NOUN_CLAUSE,名詞子句,Noun Clauses,疑問詞名詞子句,✓,✓,國中＋高中,
GRAM_G1_NOUN_CLAUSE_04,Grammar,G1,句子與結構一致,GRAM_G1_NOUN_CLAUSE,名詞子句,Noun Clauses,名詞子句在句中的功能,✓,✓,國中＋高中,
GRAM_G1_ADJ_CLAUSE_01,Grammar,G1,句子與結構一致,GRAM_G1_ADJ_CLAUSE,形容詞子句,Adjective Clauses,形容詞子句的功能,,,待補來源,與 G7 Relative Clauses 概念可重疊；此處強調 Clause 類型與句中功能
GRAM_G1_ADJ_CLAUSE_02,Grammar,G1,句子與結構一致,GRAM_G1_ADJ_CLAUSE,形容詞子句,Adjective Clauses,形容詞子句修飾名詞,,,待補來源,與 G7 Relative Clauses 概念可重疊；此處強調 Clause 類型與句中功能
GRAM_G1_ADJ_CLAUSE_03,Grammar,G1,句子與結構一致,GRAM_G1_ADJ_CLAUSE,形容詞子句,Adjective Clauses,形容詞子句辨識,,,待補來源,與 G7 Relative Clauses 概念可重疊；此處強調 Clause 類型與句中功能
GRAM_G1_ADV_CLAUSE_01,Grammar,G1,句子與結構一致,GRAM_G1_ADV_CLAUSE,副詞子句,Adverb Clauses,時間副詞子句,,✓,高中,
GRAM_G1_ADV_CLAUSE_02,Grammar,G1,句子與結構一致,GRAM_G1_ADV_CLAUSE,副詞子句,Adverb Clauses,原因副詞子句,,✓,高中,
GRAM_G1_ADV_CLAUSE_03,Grammar,G1,句子與結構一致,GRAM_G1_ADV_CLAUSE,副詞子句,Adverb Clauses,讓步副詞子句,,✓,高中,
GRAM_G1_ADV_CLAUSE_04,Grammar,G1,句子與結構一致,GRAM_G1_ADV_CLAUSE,副詞子句,Adverb Clauses,條件副詞子句,,✓,高中,
GRAM_G1_ADV_CLAUSE_05,Grammar,G1,句子與結構一致,GRAM_G1_ADV_CLAUSE,副詞子句,Adverb Clauses,副詞子句在句中的功能,,✓,高中,
GRAM_G2_NOUN_01,Grammar,G2,名詞、代名詞與限定詞,GRAM_G2_NOUN,名詞,Nouns,可數與不可數,✓,✓,國中＋高中,
GRAM_G2_NOUN_02,Grammar,G2,名詞、代名詞與限定詞,GRAM_G2_NOUN,名詞,Nouns,集合名詞,✓,✓,國中＋高中,
GRAM_G2_NOUN_03,Grammar,G2,名詞、代名詞與限定詞,GRAM_G2_NOUN,名詞,Nouns,單位詞,✓,✓,國中＋高中,
GRAM_G2_NOUN_04,Grammar,G2,名詞、代名詞與限定詞,GRAM_G2_NOUN,名詞,Nouns,複數不規則變化,✓,✓,國中＋高中,
GRAM_G2_NOUN_05,Grammar,G2,名詞、代名詞與限定詞,GRAM_G2_NOUN,名詞,Nouns,名詞相關用法,✓,✓,國中＋高中,
GRAM_G2_POSSESS_01,Grammar,G2,名詞、代名詞與限定詞,GRAM_G2_POSSESS,所有格,Possession,名詞所有格,,✓,高中,
GRAM_G2_POSSESS_02,Grammar,G2,名詞、代名詞與限定詞,GRAM_G2_POSSESS,所有格,Possession,雙重所有格,,✓,高中,
GRAM_G2_POSSESS_03,Grammar,G2,名詞、代名詞與限定詞,GRAM_G2_POSSESS,所有格,Possession,所有代名詞,,✓,高中,
GRAM_G2_PRON_01,Grammar,G2,名詞、代名詞與限定詞,GRAM_G2_PRON,代名詞,Pronouns,人稱代名詞,✓,✓,國中＋高中,
GRAM_G2_PRON_02,Grammar,G2,名詞、代名詞與限定詞,GRAM_G2_PRON,代名詞,Pronouns,主格 vs 受格,✓,✓,國中＋高中,
GRAM_G2_PRON_03,Grammar,G2,名詞、代名詞與限定詞,GRAM_G2_PRON,代名詞,Pronouns,反身代名詞,✓,✓,國中＋高中,
GRAM_G2_PRON_04,Grammar,G2,名詞、代名詞與限定詞,GRAM_G2_PRON,代名詞,Pronouns,指示代名詞,✓,✓,國中＋高中,
GRAM_G2_PRON_05,Grammar,G2,名詞、代名詞與限定詞,GRAM_G2_PRON,代名詞,Pronouns,不定代名詞,✓,✓,國中＋高中,
GRAM_G2_PRON_06,Grammar,G2,名詞、代名詞與限定詞,GRAM_G2_PRON,代名詞,Pronouns,疑問代名詞,✓,✓,國中＋高中,
GRAM_G2_ARTICLE_01,Grammar,G2,名詞、代名詞與限定詞,GRAM_G2_ARTICLE,冠詞與限定詞,Articles & Determiners,a / an / the,,✓,高中,
GRAM_G2_ARTICLE_02,Grammar,G2,名詞、代名詞與限定詞,GRAM_G2_ARTICLE,冠詞與限定詞,Articles & Determiners,this / that / these / those,,✓,高中,
GRAM_G2_ARTICLE_03,Grammar,G2,名詞、代名詞與限定詞,GRAM_G2_ARTICLE,冠詞與限定詞,Articles & Determiners,限定詞基本用法,,✓,高中,
GRAM_G2_QUANT_01,Grammar,G2,名詞、代名詞與限定詞,GRAM_G2_QUANT,數量詞與數字,Quantifiers & Numerals,基數與序數,✓,✓,國中＋高中,
GRAM_G2_QUANT_02,Grammar,G2,名詞、代名詞與限定詞,GRAM_G2_QUANT,數量詞與數字,Quantifiers & Numerals,數量形容詞,✓,✓,國中＋高中,
GRAM_G2_QUANT_03,Grammar,G2,名詞、代名詞與限定詞,GRAM_G2_QUANT,數量詞與數字,Quantifiers & Numerals,much / many,✓,✓,國中＋高中,
GRAM_G2_QUANT_04,Grammar,G2,名詞、代名詞與限定詞,GRAM_G2_QUANT,數量詞與數字,Quantifiers & Numerals,few / a few / little / a little,✓,✓,國中＋高中,
GRAM_G2_QUANT_05,Grammar,G2,名詞、代名詞與限定詞,GRAM_G2_QUANT,數量詞與數字,Quantifiers & Numerals,each / every / both / either / neither,✓,✓,國中＋高中,
GRAM_G2_QUANT_06,Grammar,G2,名詞、代名詞與限定詞,GRAM_G2_QUANT,數量詞與數字,Quantifiers & Numerals,everyone / anyone / no one,✓,✓,國中＋高中,
GRAM_G3_PRESENT_01,Grammar,G3,動詞、時態與語態,GRAM_G3_PRESENT,現在時態,Present Tenses,現在簡單式,✓,✓,國中＋高中,
GRAM_G3_PRESENT_02,Grammar,G3,動詞、時態與語態,GRAM_G3_PRESENT,現在時態,Present Tenses,現在進行式,✓,✓,國中＋高中,
GRAM_G3_PRESENT_03,Grammar,G3,動詞、時態與語態,GRAM_G3_PRESENT,現在時態,Present Tenses,現在完成式,✓,✓,國中＋高中,
GRAM_G3_PRESENT_04,Grammar,G3,動詞、時態與語態,GRAM_G3_PRESENT,現在時態,Present Tenses,現在完成進行式,✓,✓,國中＋高中,
GRAM_G3_PAST_01,Grammar,G3,動詞、時態與語態,GRAM_G3_PAST,過去時態,Past Tenses,過去簡單式,✓,✓,國中＋高中,
GRAM_G3_PAST_02,Grammar,G3,動詞、時態與語態,GRAM_G3_PAST,過去時態,Past Tenses,過去進行式,✓,✓,國中＋高中,
GRAM_G3_PAST_03,Grammar,G3,動詞、時態與語態,GRAM_G3_PAST,過去時態,Past Tenses,過去完成式,✓,✓,國中＋高中,
GRAM_G3_PAST_04,Grammar,G3,動詞、時態與語態,GRAM_G3_PAST,過去時態,Past Tenses,過去完成進行式,✓,✓,國中＋高中,
GRAM_G3_FUTURE_01,Grammar,G3,動詞、時態與語態,GRAM_G3_FUTURE,未來時態,Future Tenses,未來簡單式,✓,✓,國中＋高中,
GRAM_G3_FUTURE_02,Grammar,G3,動詞、時態與語態,GRAM_G3_FUTURE,未來時態,Future Tenses,未來進行式,✓,✓,國中＋高中,
GRAM_G3_FUTURE_03,Grammar,G3,動詞、時態與語態,GRAM_G3_FUTURE,未來時態,Future Tenses,未來完成式,✓,✓,國中＋高中,
GRAM_G3_FUTURE_04,Grammar,G3,動詞、時態與語態,GRAM_G3_FUTURE,未來時態,Future Tenses,未來完成進行式,✓,✓,國中＋高中,
GRAM_G3_TENSE_INT_01,Grammar,G3,動詞、時態與語態,GRAM_G3_TENSE_INT,時態整合,Tense Integration,現在／過去／未來辨識,,✓,高中,
GRAM_G3_TENSE_INT_02,Grammar,G3,動詞、時態與語態,GRAM_G3_TENSE_INT,時態整合,Tense Integration,完成式整合,,✓,高中,
GRAM_G3_TENSE_INT_03,Grammar,G3,動詞、時態與語態,GRAM_G3_TENSE_INT,時態整合,Tense Integration,混合時態考題,,✓,高中,
GRAM_G3_TENSE_INT_04,Grammar,G3,動詞、時態與語態,GRAM_G3_TENSE_INT,時態整合,Tense Integration,時態錯誤辨識,,✓,高中,
GRAM_G3_VERB_USAGE_01,Grammar,G3,動詞、時態與語態,GRAM_G3_VERB_USAGE,動詞用法,Verb Usage,易混動詞,✓,✓,國中＋高中,Primary：G3 Verb Usage；只有題目實際測 lexical usage / collocation 時才加 Vocabulary secondary
GRAM_G3_VERB_USAGE_02,Grammar,G3,動詞、時態與語態,GRAM_G3_VERB_USAGE,動詞用法,Verb Usage,特殊動詞用法,✓,✓,國中＋高中,Primary：G3 Verb Usage；只有題目實際測 lexical usage / collocation 時才加 Vocabulary secondary
GRAM_G3_VERB_USAGE_03,Grammar,G3,動詞、時態與語態,GRAM_G3_VERB_USAGE,動詞用法,Verb Usage,動詞片語可拆／不可拆,✓,✓,國中＋高中,Primary：G3 Verb Usage；只有題目實際測 lexical usage / collocation 時才加 Vocabulary secondary
GRAM_G3_VOICE_01,Grammar,G3,動詞、時態與語態,GRAM_G3_VOICE,主動與被動語態,Active & Passive Voice,主動語態,✓,✓,國中＋高中,
GRAM_G3_VOICE_02,Grammar,G3,動詞、時態與語態,GRAM_G3_VOICE,主動與被動語態,Active & Passive Voice,被動語態基本結構,✓,✓,國中＋高中,
GRAM_G3_VOICE_03,Grammar,G3,動詞、時態與語態,GRAM_G3_VOICE,主動與被動語態,Active & Passive Voice,主動轉被動,✓,✓,國中＋高中,
GRAM_G3_VOICE_04,Grammar,G3,動詞、時態與語態,GRAM_G3_VOICE,主動與被動語態,Active & Passive Voice,被動轉主動,✓,✓,國中＋高中,
GRAM_G3_PASSIVE_TENSE_01,Grammar,G3,動詞、時態與語態,GRAM_G3_PASSIVE_TENSE,各時態的被動語態,Passive Voice across Tenses,現在時態被動,✓,✓,國中＋高中,
GRAM_G3_PASSIVE_TENSE_02,Grammar,G3,動詞、時態與語態,GRAM_G3_PASSIVE_TENSE,各時態的被動語態,Passive Voice across Tenses,過去時態被動,✓,✓,國中＋高中,
GRAM_G3_PASSIVE_TENSE_03,Grammar,G3,動詞、時態與語態,GRAM_G3_PASSIVE_TENSE,各時態的被動語態,Passive Voice across Tenses,未來時態被動,✓,✓,國中＋高中,
GRAM_G3_PASSIVE_TENSE_04,Grammar,G3,動詞、時態與語態,GRAM_G3_PASSIVE_TENSE,各時態的被動語態,Passive Voice across Tenses,完成式被動,✓,✓,國中＋高中,
GRAM_G3_PASSIVE_TENSE_05,Grammar,G3,動詞、時態與語態,GRAM_G3_PASSIVE_TENSE,各時態的被動語態,Passive Voice across Tenses,進行式被動,✓,✓,國中＋高中,
GRAM_G3_PASSIVE_TENSE_06,Grammar,G3,動詞、時態與語態,GRAM_G3_PASSIVE_TENSE,各時態的被動語態,Passive Voice across Tenses,助動詞被動,✓,✓,國中＋高中,
GRAM_G3_PASSIVE_PAT_01,Grammar,G3,動詞、時態與語態,GRAM_G3_PASSIVE_PAT,特殊被動句型,Special Passive Patterns,感官動詞被動,✓,,國中,
GRAM_G3_PASSIVE_PAT_02,Grammar,G3,動詞、時態與語態,GRAM_G3_PASSIVE_PAT,特殊被動句型,Special Passive Patterns,使役動詞被動,✓,,國中,
GRAM_G3_PASSIVE_PAT_03,Grammar,G3,動詞、時態與語態,GRAM_G3_PASSIVE_PAT,特殊被動句型,Special Passive Patterns,授與動詞被動,✓,,國中,
GRAM_G3_PASSIVE_PAT_04,Grammar,G3,動詞、時態與語態,GRAM_G3_PASSIVE_PAT,特殊被動句型,Special Passive Patterns,介係詞相關被動,✓,,國中,
GRAM_G3_PASSIVE_PAT_05,Grammar,G3,動詞、時態與語態,GRAM_G3_PASSIVE_PAT,特殊被動句型,Special Passive Patterns,受詞補語改被動,✓,,國中,
GRAM_G3_PASSIVE_PAT_06,Grammar,G3,動詞、時態與語態,GRAM_G3_PASSIVE_PAT,特殊被動句型,Special Passive Patterns,主詞非特定的被動,✓,,國中,
GRAM_G3_PASSIVE_PAT_07,Grammar,G3,動詞、時態與語態,GRAM_G3_PASSIVE_PAT,特殊被動句型,Special Passive Patterns,get + p.p.,✓,,國中,
GRAM_G3_PASSIVE_PAT_08,Grammar,G3,動詞、時態與語態,GRAM_G3_PASSIVE_PAT,特殊被動句型,Special Passive Patterns,否定／疑問／祈使被動,✓,,國中,
GRAM_G4_AUX_01,Grammar,G4,助動詞,GRAM_G4_AUX,助動詞,Auxiliary Verbs,can / could,✓,✓,國中＋高中,
GRAM_G4_AUX_02,Grammar,G4,助動詞,GRAM_G4_AUX,助動詞,Auxiliary Verbs,may / might,✓,✓,國中＋高中,
GRAM_G4_AUX_03,Grammar,G4,助動詞,GRAM_G4_AUX,助動詞,Auxiliary Verbs,will / would,✓,✓,國中＋高中,
GRAM_G4_AUX_04,Grammar,G4,助動詞,GRAM_G4_AUX,助動詞,Auxiliary Verbs,shall / should,✓,✓,國中＋高中,
GRAM_G4_AUX_05,Grammar,G4,助動詞,GRAM_G4_AUX,助動詞,Auxiliary Verbs,must / have to,✓,✓,國中＋高中,
GRAM_G4_AUX_06,Grammar,G4,助動詞,GRAM_G4_AUX,助動詞,Auxiliary Verbs,ought to,✓,✓,國中＋高中,
GRAM_G4_AUX_07,Grammar,G4,助動詞,GRAM_G4_AUX,助動詞,Auxiliary Verbs,need,✓,✓,國中＋高中,
GRAM_G4_AUX_08,Grammar,G4,助動詞,GRAM_G4_AUX,助動詞,Auxiliary Verbs,had better,✓,✓,國中＋高中,
GRAM_G4_AUX_09,Grammar,G4,助動詞,GRAM_G4_AUX,助動詞,Auxiliary Verbs,used to,✓,✓,國中＋高中,
GRAM_G4_AUX_PERF_01,Grammar,G4,助動詞,GRAM_G4_AUX_PERF,助動詞完成式,Modal Perfect,should have p.p.,,✓,高中,
GRAM_G4_AUX_PERF_02,Grammar,G4,助動詞,GRAM_G4_AUX_PERF,助動詞完成式,Modal Perfect,must have p.p.,,✓,高中,
GRAM_G4_AUX_PERF_03,Grammar,G4,助動詞,GRAM_G4_AUX_PERF,助動詞完成式,Modal Perfect,could have p.p.,,✓,高中,
GRAM_G4_AUX_PERF_04,Grammar,G4,助動詞,GRAM_G4_AUX_PERF,助動詞完成式,Modal Perfect,might have p.p.,,✓,高中,
GRAM_G4_AUX_PERF_05,Grammar,G4,助動詞,GRAM_G4_AUX_PERF,助動詞完成式,Modal Perfect,其他 modal + have p.p.,,✓,高中,
GRAM_G5_ADJ_01,Grammar,G5,形容詞、副詞與比較,GRAM_G5_ADJ,形容詞,Adjectives,形容詞基本用法,✓,✓,國中＋高中,
GRAM_G5_ADJ_02,Grammar,G5,形容詞、副詞與比較,GRAM_G5_ADJ,形容詞,Adjectives,指示形容詞,✓,✓,國中＋高中,
GRAM_G5_ADJ_03,Grammar,G5,形容詞、副詞與比較,GRAM_G5_ADJ,形容詞,Adjectives,名詞變成的形容詞,✓,✓,國中＋高中,
GRAM_G5_ADJ_04,Grammar,G5,形容詞、副詞與比較,GRAM_G5_ADJ,形容詞,Adjectives,後位修飾,✓,✓,國中＋高中,
GRAM_G5_ADJ_05,Grammar,G5,形容詞、副詞與比較,GRAM_G5_ADJ,形容詞,Adjectives,多個形容詞共同修飾,✓,✓,國中＋高中,
GRAM_G5_ADJ_06,Grammar,G5,形容詞、副詞與比較,GRAM_G5_ADJ,形容詞,Adjectives,形容詞＋介係詞,✓,✓,國中＋高中,
GRAM_G5_ADV_01,Grammar,G5,形容詞、副詞與比較,GRAM_G5_ADV,副詞,Adverbs,頻率副詞,✓,✓,國中＋高中,
GRAM_G5_ADV_02,Grammar,G5,形容詞、副詞與比較,GRAM_G5_ADV,副詞,Adverbs,情狀副詞,✓,✓,國中＋高中,
GRAM_G5_ADV_03,Grammar,G5,形容詞、副詞與比較,GRAM_G5_ADV,副詞,Adverbs,程度副詞,✓,✓,國中＋高中,
GRAM_G5_ADV_04,Grammar,G5,形容詞、副詞與比較,GRAM_G5_ADV,副詞,Adverbs,地方副詞,✓,✓,國中＋高中,
GRAM_G5_ADV_05,Grammar,G5,形容詞、副詞與比較,GRAM_G5_ADV,副詞,Adverbs,介副詞,✓,✓,國中＋高中,
GRAM_G5_ADV_06,Grammar,G5,形容詞、副詞與比較,GRAM_G5_ADV,副詞,Adverbs,疑問副詞,✓,✓,國中＋高中,
GRAM_G5_ADV_07,Grammar,G5,形容詞、副詞與比較,GRAM_G5_ADV,副詞,Adverbs,修飾句子的副詞,✓,✓,國中＋高中,
GRAM_G5_PART_ADJ_01,Grammar,G5,形容詞、副詞與比較,GRAM_G5_PART_ADJ,分詞形容詞,Participial Adjectives,現在分詞 vs 過去分詞,✓,✓,國中＋高中,
GRAM_G5_PART_ADJ_02,Grammar,G5,形容詞、副詞與比較,GRAM_G5_PART_ADJ,分詞形容詞,Participial Adjectives,情緒動詞與情緒形容詞,✓,✓,國中＋高中,Owner Decision：Primary 固定放 G5；不固定加 G8 secondary
GRAM_G5_PART_ADJ_03,Grammar,G5,形容詞、副詞與比較,GRAM_G5_PART_ADJ,分詞形容詞,Participial Adjectives,分詞作其他形容詞,✓,✓,國中＋高中,
GRAM_G5_COMP_01,Grammar,G5,形容詞、副詞與比較,GRAM_G5_COMP,比較與最高級,Comparison,形容詞比較級,✓,✓,國中＋高中,
GRAM_G5_COMP_02,Grammar,G5,形容詞、副詞與比較,GRAM_G5_COMP,比較與最高級,Comparison,形容詞最高級,✓,✓,國中＋高中,
GRAM_G5_COMP_03,Grammar,G5,形容詞、副詞與比較,GRAM_G5_COMP,比較與最高級,Comparison,副詞比較級／最高級,✓,✓,國中＋高中,
GRAM_G5_COMP_04,Grammar,G5,形容詞、副詞與比較,GRAM_G5_COMP,比較與最高級,Comparison,倍數句型,✓,✓,國中＋高中,
GRAM_G5_MODIFIER_01,Grammar,G5,形容詞、副詞與比較,GRAM_G5_MODIFIER,修飾語與位置,Modifiers & Position,good vs well,,✓,高中,
GRAM_G5_MODIFIER_02,Grammar,G5,形容詞、副詞與比較,GRAM_G5_MODIFIER,修飾語與位置,Modifiers & Position,hard vs hardly,,✓,高中,
GRAM_G5_MODIFIER_03,Grammar,G5,形容詞、副詞與比較,GRAM_G5_MODIFIER,修飾語與位置,Modifiers & Position,only 的位置,,✓,高中,
GRAM_G5_MODIFIER_04,Grammar,G5,形容詞、副詞與比較,GRAM_G5_MODIFIER,修飾語與位置,Modifiers & Position,特殊副詞用法,,✓,高中,
GRAM_G6_PREP_01,Grammar,G6,介係詞與連接詞,GRAM_G6_PREP,介係詞,Prepositions,時間介係詞,✓,✓,國中＋高中,
GRAM_G6_PREP_02,Grammar,G6,介係詞與連接詞,GRAM_G6_PREP,介係詞,Prepositions,地方介係詞,✓,✓,國中＋高中,
GRAM_G6_PREP_03,Grammar,G6,介係詞與連接詞,GRAM_G6_PREP,介係詞,Prepositions,其他介係詞,✓,✓,國中＋高中,
GRAM_G6_PREP_04,Grammar,G6,介係詞與連接詞,GRAM_G6_PREP,介係詞,Prepositions,in / on / at（時間）,✓,✓,國中＋高中,
GRAM_G6_PREP_05,Grammar,G6,介係詞與連接詞,GRAM_G6_PREP,介係詞,Prepositions,in / on / at（地點）,✓,✓,國中＋高中,
GRAM_G6_PREP_PHRASE_01,Grammar,G6,介係詞與連接詞,GRAM_G6_PREP_PHRASE,介係詞與動詞片語,Prepositional & Phrasal Verb Patterns,介係詞片語,✓,✓,國中＋高中,
GRAM_G6_PREP_PHRASE_02,Grammar,G6,介係詞與連接詞,GRAM_G6_PREP_PHRASE,介係詞與動詞片語,Prepositional & Phrasal Verb Patterns,含介係詞的動詞片語,✓,✓,國中＋高中,
GRAM_G6_PREP_PHRASE_03,Grammar,G6,介係詞與連接詞,GRAM_G6_PREP_PHRASE,介係詞與動詞片語,Prepositional & Phrasal Verb Patterns,不及物動詞＋介係詞＋受詞,✓,✓,國中＋高中,
GRAM_G6_PREP_PHRASE_04,Grammar,G6,介係詞與連接詞,GRAM_G6_PREP_PHRASE,介係詞與動詞片語,Prepositional & Phrasal Verb Patterns,片語動詞中的介係詞,✓,✓,國中＋高中,
GRAM_G6_COORD_01,Grammar,G6,介係詞與連接詞,GRAM_G6_COORD,對等與相關連接詞,Coordinating & Correlative Conjunctions,FANBOYS,✓,✓,國中＋高中,
GRAM_G6_COORD_02,Grammar,G6,介係詞與連接詞,GRAM_G6_COORD,對等與相關連接詞,Coordinating & Correlative Conjunctions,相關連接詞,✓,✓,國中＋高中,
GRAM_G6_SUBORD_01,Grammar,G6,介係詞與連接詞,GRAM_G6_SUBORD,從屬連接詞,Subordinating Conjunctions,時間,✓,✓,國中＋高中,
GRAM_G6_SUBORD_02,Grammar,G6,介係詞與連接詞,GRAM_G6_SUBORD,從屬連接詞,Subordinating Conjunctions,原因,✓,✓,國中＋高中,
GRAM_G6_SUBORD_03,Grammar,G6,介係詞與連接詞,GRAM_G6_SUBORD,從屬連接詞,Subordinating Conjunctions,讓步,✓,✓,國中＋高中,
GRAM_G6_SUBORD_04,Grammar,G6,介係詞與連接詞,GRAM_G6_SUBORD,從屬連接詞,Subordinating Conjunctions,條件,✓,✓,國中＋高中,
GRAM_G6_SUBORD_05,Grammar,G6,介係詞與連接詞,GRAM_G6_SUBORD,從屬連接詞,Subordinating Conjunctions,其他附屬連接詞,✓,✓,國中＋高中,
GRAM_G6_SUBORD_06,Grammar,G6,介係詞與連接詞,GRAM_G6_SUBORD,從屬連接詞,Subordinating Conjunctions,in order to 等目的連接,✓,✓,國中＋高中,
GRAM_G7_REL_CLAUSE_01,Grammar,G7,關係子句與關係詞,GRAM_G7_REL_CLAUSE,關係子句,Relative Clauses,關係子句基本結構,,✓,高中,與 G1 Adjective Clauses 概念可重疊；此處強調關係子句完整教學系統
GRAM_G7_REL_CLAUSE_02,Grammar,G7,關係子句與關係詞,GRAM_G7_REL_CLAUSE,關係子句,Relative Clauses,限定關係子句,,✓,高中,與 G1 Adjective Clauses 概念可重疊；此處強調關係子句完整教學系統
GRAM_G7_REL_CLAUSE_03,Grammar,G7,關係子句與關係詞,GRAM_G7_REL_CLAUSE,關係子句,Relative Clauses,非限定關係子句,,✓,高中,與 G1 Adjective Clauses 概念可重疊；此處強調關係子句完整教學系統
GRAM_G7_REL_CLAUSE_04,Grammar,G7,關係子句與關係詞,GRAM_G7_REL_CLAUSE,關係子句,Relative Clauses,關係子句形成,,✓,高中,與 G1 Adjective Clauses 概念可重疊；此處強調關係子句完整教學系統
GRAM_G7_REL_CLAUSE_05,Grammar,G7,關係子句與關係詞,GRAM_G7_REL_CLAUSE,關係子句,Relative Clauses,關係子句省略與簡化,,✓,高中,與 G1 Adjective Clauses 概念可重疊；此處強調關係子句完整教學系統
GRAM_G7_REL_CLAUSE_06,Grammar,G7,關係子句與關係詞,GRAM_G7_REL_CLAUSE,關係子句,Relative Clauses,介係詞與關係子句,,✓,高中,與 G1 Adjective Clauses 概念可重疊；此處強調關係子句完整教學系統
GRAM_G7_REL_PRON_01,Grammar,G7,關係子句與關係詞,GRAM_G7_REL_PRON,關係代名詞,Relative Pronouns,who,✓,✓,國中＋高中,
GRAM_G7_REL_PRON_02,Grammar,G7,關係子句與關係詞,GRAM_G7_REL_PRON,關係代名詞,Relative Pronouns,whom,✓,✓,國中＋高中,
GRAM_G7_REL_PRON_03,Grammar,G7,關係子句與關係詞,GRAM_G7_REL_PRON,關係代名詞,Relative Pronouns,whose,✓,✓,國中＋高中,
GRAM_G7_REL_PRON_04,Grammar,G7,關係子句與關係詞,GRAM_G7_REL_PRON,關係代名詞,Relative Pronouns,which,✓,✓,國中＋高中,
GRAM_G7_REL_PRON_05,Grammar,G7,關係子句與關係詞,GRAM_G7_REL_PRON,關係代名詞,Relative Pronouns,that,✓,✓,國中＋高中,
GRAM_G7_REL_PRON_06,Grammar,G7,關係子句與關係詞,GRAM_G7_REL_PRON,關係代名詞,Relative Pronouns,關係代名詞主格與受格,✓,✓,國中＋高中,
GRAM_G7_REL_ADV_01,Grammar,G7,關係子句與關係詞,GRAM_G7_REL_ADV,關係副詞,Relative Adverbs,where,✓,✓,國中＋高中,
GRAM_G7_REL_ADV_02,Grammar,G7,關係子句與關係詞,GRAM_G7_REL_ADV,關係副詞,Relative Adverbs,when,✓,✓,國中＋高中,
GRAM_G7_REL_ADV_03,Grammar,G7,關係子句與關係詞,GRAM_G7_REL_ADV,關係副詞,Relative Adverbs,why,✓,✓,國中＋高中,
GRAM_G7_COMPOUND_REL_01,Grammar,G7,關係子句與關係詞,GRAM_G7_COMPOUND_REL,複合關係詞,Compound Relatives,what,✓,✓,國中＋高中,
GRAM_G7_COMPOUND_REL_02,Grammar,G7,關係子句與關係詞,GRAM_G7_COMPOUND_REL,複合關係詞,Compound Relatives,whoever,✓,✓,國中＋高中,
GRAM_G7_COMPOUND_REL_03,Grammar,G7,關係子句與關係詞,GRAM_G7_COMPOUND_REL,複合關係詞,Compound Relatives,whatever,✓,✓,國中＋高中,
GRAM_G7_COMPOUND_REL_04,Grammar,G7,關係子句與關係詞,GRAM_G7_COMPOUND_REL,複合關係詞,Compound Relatives,whichever,✓,✓,國中＋高中,
GRAM_G7_REL_SPECIAL_01,Grammar,G7,關係子句與關係詞,GRAM_G7_REL_SPECIAL,關係詞特殊規則,Special Rules for Relative Words,關係詞省略,✓,✓,國中＋高中,
GRAM_G7_REL_SPECIAL_02,Grammar,G7,關係子句與關係詞,GRAM_G7_REL_SPECIAL,關係詞特殊規則,Special Rules for Relative Words,限用 that 的情形,✓,✓,國中＋高中,
GRAM_G7_REL_SPECIAL_03,Grammar,G7,關係子句與關係詞,GRAM_G7_REL_SPECIAL,關係詞特殊規則,Special Rules for Relative Words,不可使用 that 的情形,✓,✓,國中＋高中,
GRAM_G7_REL_SPECIAL_04,Grammar,G7,關係子句與關係詞,GRAM_G7_REL_SPECIAL,關係詞特殊規則,Special Rules for Relative Words,介係詞 + 關係詞,✓,✓,國中＋高中,
GRAM_G7_REL_SPECIAL_05,Grammar,G7,關係子句與關係詞,GRAM_G7_REL_SPECIAL,關係詞特殊規則,Special Rules for Relative Words,其他關係詞特殊用法,✓,✓,國中＋高中,
GRAM_G8_INFINITIVE_01,Grammar,G8,不定詞、動名詞與分詞,GRAM_G8_INFINITIVE,不定詞,Infinitives,不定詞作名詞,✓,✓,國中＋高中,
GRAM_G8_INFINITIVE_02,Grammar,G8,不定詞、動名詞與分詞,GRAM_G8_INFINITIVE,不定詞,Infinitives,不定詞作形容詞,✓,✓,國中＋高中,
GRAM_G8_INFINITIVE_03,Grammar,G8,不定詞、動名詞與分詞,GRAM_G8_INFINITIVE,不定詞,Infinitives,不定詞作副詞,✓,✓,國中＋高中,
GRAM_G8_INFINITIVE_04,Grammar,G8,不定詞、動名詞與分詞,GRAM_G8_INFINITIVE,不定詞,Infinitives,省略 to,✓,✓,國中＋高中,
GRAM_G8_INFINITIVE_05,Grammar,G8,不定詞、動名詞與分詞,GRAM_G8_INFINITIVE,不定詞,Infinitives,不定詞慣用語,✓,✓,國中＋高中,
GRAM_G8_INFINITIVE_06,Grammar,G8,不定詞、動名詞與分詞,GRAM_G8_INFINITIVE,不定詞,Infinitives,不定詞時態,✓,✓,國中＋高中,
GRAM_G8_INFINITIVE_07,Grammar,G8,不定詞、動名詞與分詞,GRAM_G8_INFINITIVE,不定詞,Infinitives,不定詞語態,✓,✓,國中＋高中,
GRAM_G8_INFINITIVE_08,Grammar,G8,不定詞、動名詞與分詞,GRAM_G8_INFINITIVE,不定詞,Infinitives,獨立不定詞,✓,✓,國中＋高中,
GRAM_G8_GERUND_01,Grammar,G8,不定詞、動名詞與分詞,GRAM_G8_GERUND,動名詞,Gerunds,V + V-ing,✓,✓,國中＋高中,
GRAM_G8_GERUND_02,Grammar,G8,不定詞、動名詞與分詞,GRAM_G8_GERUND,動名詞,Gerunds,to + V-ing,✓,✓,國中＋高中,
GRAM_G8_GERUND_03,Grammar,G8,不定詞、動名詞與分詞,GRAM_G8_GERUND,動名詞,Gerunds,動名詞慣用語,✓,✓,國中＋高中,
GRAM_G8_GERUND_04,Grammar,G8,不定詞、動名詞與分詞,GRAM_G8_GERUND,動名詞,Gerunds,含動名詞句型,✓,✓,國中＋高中,
GRAM_G8_GERUND_05,Grammar,G8,不定詞、動名詞與分詞,GRAM_G8_GERUND,動名詞,Gerunds,remember / forget / stop + V-ing / to V,✓,✓,國中＋高中,
GRAM_G8_PARTICIPLE_01,Grammar,G8,不定詞、動名詞與分詞,GRAM_G8_PARTICIPLE,分詞,Participles,現在分詞,,✓,高中,
GRAM_G8_PARTICIPLE_02,Grammar,G8,不定詞、動名詞與分詞,GRAM_G8_PARTICIPLE,分詞,Participles,過去分詞,,✓,高中,
GRAM_G8_PARTICIPLE_03,Grammar,G8,不定詞、動名詞與分詞,GRAM_G8_PARTICIPLE,分詞,Participles,分詞作形容詞,,✓,高中,
GRAM_G8_PARTICIPLE_04,Grammar,G8,不定詞、動名詞與分詞,GRAM_G8_PARTICIPLE,分詞,Participles,複合形容詞,,✓,高中,
GRAM_G8_PARTICIPLE_05,Grammar,G8,不定詞、動名詞與分詞,GRAM_G8_PARTICIPLE,分詞,Participles,分詞慣用語,,✓,高中,
GRAM_G8_PART_CLAUSE_01,Grammar,G8,不定詞、動名詞與分詞,GRAM_G8_PART_CLAUSE,分詞構句與省略,Participial Constructions & Reduction,分詞構句,,✓,高中,
GRAM_G8_PART_CLAUSE_02,Grammar,G8,不定詞、動名詞與分詞,GRAM_G8_PART_CLAUSE,分詞構句與省略,Participial Constructions & Reduction,關係子句分詞化省略,,✓,高中,
GRAM_G8_PART_CLAUSE_03,Grammar,G8,不定詞、動名詞與分詞,GRAM_G8_PART_CLAUSE,分詞構句與省略,Participial Constructions & Reduction,廣義使役 V + O + p.p./V-ing,,✓,高中,
GRAM_G9_COND_01,Grammar,G9,條件與假設,GRAM_G9_COND,條件句,Conditionals,真實條件句,✓,✓,國中＋高中,
GRAM_G9_COND_02,Grammar,G9,條件與假設,GRAM_G9_COND,條件句,Conditionals,與現在事實相反,✓,✓,國中＋高中,
GRAM_G9_COND_03,Grammar,G9,條件與假設,GRAM_G9_COND,條件句,Conditionals,與過去事實相反,✓,✓,國中＋高中,
GRAM_G9_COND_04,Grammar,G9,條件與假設,GRAM_G9_COND,條件句,Conditionals,與未來情況相反,✓,✓,國中＋高中,
GRAM_G9_COND_05,Grammar,G9,條件與假設,GRAM_G9_COND,條件句,Conditionals,混合條件句,✓,✓,國中＋高中,
GRAM_G9_UNREAL_01,Grammar,G9,條件與假設,GRAM_G9_UNREAL,非真實表達,Unreal Expressions,wish,✓,✓,國中＋高中,
GRAM_G9_UNREAL_02,Grammar,G9,條件與假設,GRAM_G9_UNREAL,非真實表達,Unreal Expressions,as if / as though,✓,✓,國中＋高中,
GRAM_G9_UNREAL_03,Grammar,G9,條件與假設,GRAM_G9_UNREAL,非真實表達,Unreal Expressions,It is time,✓,✓,國中＋高中,
GRAM_G9_UNREAL_04,Grammar,G9,條件與假設,GRAM_G9_UNREAL,非真實表達,Unreal Expressions,But for / Without,✓,✓,國中＋高中,
GRAM_G9_SUBJ_01,Grammar,G9,條件與假設,GRAM_G9_SUBJ,假設語氣與要求句型,Mandative Subjunctive,insist / suggest,✓,✓,國中＋高中,
GRAM_G9_SUBJ_02,Grammar,G9,條件與假設,GRAM_G9_SUBJ,假設語氣與要求句型,Mandative Subjunctive,It is necessary 等句型,✓,✓,國中＋高中,
GRAM_G9_COND_INV_01,Grammar,G9,條件與假設,GRAM_G9_COND_INV,條件倒裝,Conditional Inversion,省略 if 的倒裝,,✓,高中,
GRAM_G10_QUESTION_01,Grammar,G10,疑問、否定與特殊句構,GRAM_G10_QUESTION,疑問詞與問句,Questions & Interrogatives,疑問代名詞,✓,✓,國中＋高中,
GRAM_G10_QUESTION_02,Grammar,G10,疑問、否定與特殊句構,GRAM_G10_QUESTION,疑問詞與問句,Questions & Interrogatives,疑問形容詞,✓,✓,國中＋高中,
GRAM_G10_QUESTION_03,Grammar,G10,疑問、否定與特殊句構,GRAM_G10_QUESTION,疑問詞與問句,Questions & Interrogatives,疑問副詞,✓,✓,國中＋高中,
GRAM_G10_QUESTION_04,Grammar,G10,疑問、否定與特殊句構,GRAM_G10_QUESTION,疑問詞與問句,Questions & Interrogatives,how 延伸疑問片語,✓,✓,國中＋高中,
GRAM_G10_QUESTION_05,Grammar,G10,疑問、否定與特殊句構,GRAM_G10_QUESTION,疑問詞與問句,Questions & Interrogatives,一般疑問句,✓,✓,國中＋高中,
GRAM_G10_TAG_01,Grammar,G10,疑問、否定與特殊句構,GRAM_G10_TAG,附加與附和,Tag Questions & Agreement,附加問句,✓,,國中,
GRAM_G10_TAG_02,Grammar,G10,疑問、否定與特殊句構,GRAM_G10_TAG,附加與附和,Tag Questions & Agreement,附和句,✓,,國中,
GRAM_G10_INDIRECT_Q_01,Grammar,G10,疑問、否定與特殊句構,GRAM_G10_INDIRECT_Q,間接問句,Indirect Questions,間接問句語序,✓,,國中,與 G1 Noun Clauses 可交叉標記
GRAM_G10_INDIRECT_Q_02,Grammar,G10,疑問、否定與特殊句構,GRAM_G10_INDIRECT_Q,間接問句,Indirect Questions,疑問詞引導的間接問句,✓,,國中,與 G1 Noun Clauses 可交叉標記
GRAM_G10_REPORTED_01,Grammar,G10,疑問、否定與特殊句構,GRAM_G10_REPORTED,間接引語,Reported Speech,陳述句轉述,,✓,高中,與 Indirect Questions 分開；處理轉述、時態回溯、人稱／時間／地點轉換
GRAM_G10_REPORTED_02,Grammar,G10,疑問、否定與特殊句構,GRAM_G10_REPORTED,間接引語,Reported Speech,Yes/No 問句轉述,,✓,高中,與 Indirect Questions 分開；處理轉述、時態回溯、人稱／時間／地點轉換
GRAM_G10_REPORTED_03,Grammar,G10,疑問、否定與特殊句構,GRAM_G10_REPORTED,間接引語,Reported Speech,Wh-問句轉述,,✓,高中,與 Indirect Questions 分開；處理轉述、時態回溯、人稱／時間／地點轉換
GRAM_G10_REPORTED_04,Grammar,G10,疑問、否定與特殊句構,GRAM_G10_REPORTED,間接引語,Reported Speech,命令與請求轉述,,✓,高中,與 Indirect Questions 分開；處理轉述、時態回溯、人稱／時間／地點轉換
GRAM_G10_REPORTED_05,Grammar,G10,疑問、否定與特殊句構,GRAM_G10_REPORTED,間接引語,Reported Speech,時態回溯（Backshift）,,✓,高中,與 Indirect Questions 分開；處理轉述、時態回溯、人稱／時間／地點轉換
GRAM_G10_REPORTED_06,Grammar,G10,疑問、否定與特殊句構,GRAM_G10_REPORTED,間接引語,Reported Speech,人稱、時間與地點指示轉換,,✓,高中,與 Indirect Questions 分開；處理轉述、時態回溯、人稱／時間／地點轉換
GRAM_G10_REPORTED_07,Grammar,G10,疑問、否定與特殊句構,GRAM_G10_REPORTED,間接引語,Reported Speech,Reporting verbs：say / tell / ask,,✓,高中,與 Indirect Questions 分開；處理轉述、時態回溯、人稱／時間／地點轉換
GRAM_G10_NEG_01,Grammar,G10,疑問、否定與特殊句構,GRAM_G10_NEG,否定,Negation,否定句,,✓,高中,
GRAM_G10_NEG_02,Grammar,G10,疑問、否定與特殊句構,GRAM_G10_NEG,否定,Negation,否定副詞與否定範圍,,✓,高中,
GRAM_G10_INVERSION_01,Grammar,G10,疑問、否定與特殊句構,GRAM_G10_INVERSION,倒裝,Inversion,Here / There 開頭句型,✓,✓,國中＋高中,
GRAM_G10_INVERSION_02,Grammar,G10,疑問、否定與特殊句構,GRAM_G10_INVERSION,倒裝,Inversion,地方副詞倒裝,✓,✓,國中＋高中,
GRAM_G10_INVERSION_03,Grammar,G10,疑問、否定與特殊句構,GRAM_G10_INVERSION,倒裝,Inversion,其他倒裝句,✓,✓,國中＋高中,
GRAM_G10_SPECIAL_01,Grammar,G10,疑問、否定與特殊句構,GRAM_G10_SPECIAL,特殊句型,Special Sentence Patterns,祈使句,✓,✓,國中＋高中,
GRAM_G10_SPECIAL_02,Grammar,G10,疑問、否定與特殊句構,GRAM_G10_SPECIAL,特殊句型,Special Sentence Patterns,感嘆句,✓,✓,國中＋高中,
GRAM_G10_SPECIAL_03,Grammar,G10,疑問、否定與特殊句構,GRAM_G10_SPECIAL,特殊句型,Special Sentence Patterns,It is ... that ... 強調句,✓,✓,國中＋高中,
GRAM_G10_SPECIAL_04,Grammar,G10,疑問、否定與特殊句構,GRAM_G10_SPECIAL,特殊句型,Special Sentence Patterns,其他特殊句型,✓,✓,國中＋高中,
