High-Score Category Code,Parent Feature ID,Parent Feature Code,Sub-skill ID,Sub-skill Code,Sub-skill 中文 / Display Label,Sub-skill English,Definition / Detection Note,Status,Visibility,Detection Enabled,Mastery Enabled
H1,H1-1,WRITE_HSF_PARALLEL,H1-1-1,WRITE_HSF_PARALLEL_WORD,單字層級平行,Word Parallelism,源自 workbook High_Score_Features「Sub-skills / 判斷項目」逐項拆分（分隔符：；）。 Owner 於 2026-08-30 裁決自「words / phrases / clauses 的平行」拆分為獨立 Sub-skill。,ACTIVE,OWNER_ONLY,TRUE,FALSE
H1,H1-1,WRITE_HSF_PARALLEL,H1-1-2,WRITE_HSF_PARALLEL_PHRASE,片語層級平行,Phrase Parallelism,源自 workbook High_Score_Features「Sub-skills / 判斷項目」逐項拆分（分隔符：；）。 Owner 於 2026-08-30 裁決自「words / phrases / clauses 的平行」拆分為獨立 Sub-skill。,ACTIVE,OWNER_ONLY,TRUE,FALSE
H1,H1-1,WRITE_HSF_PARALLEL,H1-1-3,WRITE_HSF_PARALLEL_CLAUSE,子句層級平行,Clause Parallelism,源自 workbook High_Score_Features「Sub-skills / 判斷項目」逐項拆分（分隔符：；）。 Owner 於 2026-08-30 裁決自「words / phrases / clauses 的平行」拆分為獨立 Sub-skill。,ACTIVE,OWNER_ONLY,TRUE,FALSE
H1,H1-1,WRITE_HSF_PARALLEL,H1-1-4,WRITE_HSF_PARALLEL_PAIRED_STRUCTURES,成對結構,paired structures,源自 workbook High_Score_Features「Sub-skills / 判斷項目」逐項拆分（分隔符：；）。,ACTIVE,OWNER_ONLY,TRUE,FALSE
H1,H1-1,WRITE_HSF_PARALLEL,H1-1-5,WRITE_HSF_PARALLEL_NOT_ONLY_BUT_ALSO,not only…but also 句型,not only…but also,源自 workbook High_Score_Features「Sub-skills / 判斷項目」逐項拆分（分隔符：；）。,ACTIVE,OWNER_ONLY,TRUE,FALSE
H1,H1-1,WRITE_HSF_PARALLEL,H1-1-6,WRITE_HSF_PARALLEL_BOTH_AND,both…and 句型,both…and,源自 workbook High_Score_Features「Sub-skills / 判斷項目」逐項拆分（分隔符：；）。,ACTIVE,OWNER_ONLY,TRUE,FALSE
H1,H1-2,WRITE_HSF_SENT_VARIETY,H1-2-1,WRITE_HSF_SENT_VARIETY_SUB01,長短句交替,,源自 workbook High_Score_Features「Sub-skills / 判斷項目」逐項拆分（分隔符：；）。,ACTIVE,OWNER_ONLY,TRUE,FALSE
H1,H1-2,WRITE_HSF_SENT_VARIETY,H1-2-2,WRITE_HSF_SENT_VARIETY_SIMPLE_COMPOUND_COMPLEX_VARIATION,句型交替變化,Sentence-type Variation,源自 workbook High_Score_Features「Sub-skills / 判斷項目」逐項拆分（分隔符：；）。 原文「簡單／複合／複雜句交替」。Owner 於 2026-08-30 裁決維持單一 node，不再拆分。,ACTIVE,OWNER_ONLY,TRUE,FALSE
H1,H1-2,WRITE_HSF_SENT_VARIETY,H1-2-3,WRITE_HSF_SENT_VARIETY_SUB03,不同句首,,源自 workbook High_Score_Features「Sub-skills / 判斷項目」逐項拆分（分隔符：；）。,ACTIVE,OWNER_ONLY,TRUE,FALSE
H1,H1-2,WRITE_HSF_SENT_VARIETY,H1-2-4,WRITE_HSF_SENT_VARIETY_SUB04,避免單一句型反覆,,源自 workbook High_Score_Features「Sub-skills / 判斷項目」逐項拆分（分隔符：；）。,ACTIVE,OWNER_ONLY,TRUE,FALSE
H1,H1-3,WRITE_HSF_COMPLEX,H1-3-1,WRITE_HSF_COMPLEX_RELATIVE_CLAUSES,關係子句,relative clauses,源自 workbook High_Score_Features「Sub-skills / 判斷項目」逐項拆分（分隔符：；）。,ACTIVE,OWNER_ONLY,TRUE,FALSE
H1,H1-3,WRITE_HSF_COMPLEX,H1-3-2,WRITE_HSF_COMPLEX_NOUN_CLAUSES,名詞子句,noun clauses,源自 workbook High_Score_Features「Sub-skills / 判斷項目」逐項拆分（分隔符：；）。,ACTIVE,OWNER_ONLY,TRUE,FALSE
H1,H1-3,WRITE_HSF_COMPLEX,H1-3-3,WRITE_HSF_COMPLEX_ADVERB_CLAUSES,副詞子句,adverb clauses,源自 workbook High_Score_Features「Sub-skills / 判斷項目」逐項拆分（分隔符：；）。,ACTIVE,OWNER_ONLY,TRUE,FALSE
H1,H1-3,WRITE_HSF_COMPLEX,H1-3-4,WRITE_HSF_COMPLEX_SUB04,多層從屬但仍清楚易讀,,源自 workbook High_Score_Features「Sub-skills / 判斷項目」逐項拆分（分隔符：；）。,ACTIVE,OWNER_ONLY,TRUE,FALSE
H1,H1-4,WRITE_HSF_REDUCED,H1-4-1,WRITE_HSF_REDUCED_V_ING_PARTICIPIAL_PHRASES,V-ing 分詞片語,V-ing participial phrases,源自 workbook High_Score_Features「Sub-skills / 判斷項目」逐項拆分（分隔符：；）。,ACTIVE,OWNER_ONLY,TRUE,FALSE
H1,H1-4,WRITE_HSF_REDUCED,H1-4-2,WRITE_HSF_REDUCED_P_P_PHRASES,p.p. 分詞片語,p.p. phrases,源自 workbook High_Score_Features「Sub-skills / 判斷項目」逐項拆分（分隔符：；）。,ACTIVE,OWNER_ONLY,TRUE,FALSE
H1,H1-4,WRITE_HSF_REDUCED,H1-4-3,WRITE_HSF_REDUCED_REDUCED_RELATIVE_CLAUSES,簡化關係子句,reduced relative clauses,源自 workbook High_Score_Features「Sub-skills / 判斷項目」逐項拆分（分隔符：；）。,ACTIVE,OWNER_ONLY,TRUE,FALSE
H1,H1-4,WRITE_HSF_REDUCED,H1-4-4,WRITE_HSF_REDUCED_WITH_O_COMPLEMENT,with + O + complement 等簡化,,源自 workbook High_Score_Features「Sub-skills / 判斷項目」逐項拆分（分隔符：；）。,ACTIVE,OWNER_ONLY,TRUE,FALSE
H1,H1-5,WRITE_HSF_INVERSION,H1-5-1,WRITE_HSF_INVERSION_NEGATIVE_INVERSION,否定倒裝,negative inversion,源自 workbook High_Score_Features「Sub-skills / 判斷項目」逐項拆分（分隔符：；）。,ACTIVE,OWNER_ONLY,TRUE,FALSE
H1,H1-5,WRITE_HSF_INVERSION,H1-5-2,WRITE_HSF_INVERSION_ONLY_ADV_INVERSION,only + 副詞倒裝,only + adv inversion,源自 workbook High_Score_Features「Sub-skills / 判斷項目」逐項拆分（分隔符：；）。,ACTIVE,OWNER_ONLY,TRUE,FALSE
H1,H1-5,WRITE_HSF_INVERSION,H1-5-3,WRITE_HSF_INVERSION_SO_SUCH_INVERSION,so／such 倒裝,So/Such Inversion,源自 workbook High_Score_Features「Sub-skills / 判斷項目」逐項拆分（分隔符：；）。 原文「so／such 倒裝」。Owner 於 2026-08-30 裁決維持單一 node，不再拆分。,ACTIVE,OWNER_ONLY,TRUE,FALSE
H1,H1-5,WRITE_HSF_INVERSION,H1-5-4,WRITE_HSF_INVERSION_CONDITIONAL_INVERSION,條件句倒裝,conditional inversion,源自 workbook High_Score_Features「Sub-skills / 判斷項目」逐項拆分（分隔符：；）。,ACTIVE,OWNER_ONLY,TRUE,FALSE
H1,H1-6,WRITE_HSF_APPOSITIVE,H1-6-1,WRITE_HSF_APPOSITIVE_APPOSITIVES,同位語,appositives,源自 workbook High_Score_Features「Sub-skills / 判斷項目」逐項拆分（分隔符：；）。,ACTIVE,OWNER_ONLY,TRUE,FALSE
H1,H1-6,WRITE_HSF_APPOSITIVE,H1-6-2,WRITE_HSF_APPOSITIVE_SUB02,插入補充,,源自 workbook High_Score_Features「Sub-skills / 判斷項目」逐項拆分（分隔符：；）。,ACTIVE,OWNER_ONLY,TRUE,FALSE
H1,H1-6,WRITE_HSF_APPOSITIVE,H1-6-3,WRITE_HSF_APPOSITIVE_DASH_STRUCTURES,破折號結構,dash structures,源自 workbook High_Score_Features「Sub-skills / 判斷項目」逐項拆分（分隔符：；）。,ACTIVE,OWNER_ONLY,TRUE,FALSE
H1,H1-6,WRITE_HSF_APPOSITIVE,H1-6-4,WRITE_HSF_APPOSITIVE_COLON_EXPANSION,冒號展開,colon expansion,源自 workbook High_Score_Features「Sub-skills / 判斷項目」逐項拆分（分隔符：；）。,ACTIVE,OWNER_ONLY,TRUE,FALSE
H1,H1-6,WRITE_HSF_APPOSITIVE,H1-6-5,WRITE_HSF_APPOSITIVE_NON_RESTRICTIVE_SUPPLEMENTARY_PHRASES,非限定補充片語,non-restrictive supplementary phrases,源自 workbook High_Score_Features「Sub-skills / 判斷項目」逐項拆分（分隔符：；）。,ACTIVE,OWNER_ONLY,TRUE,FALSE
H2,H2-1,WRITE_HSF_LEX_VARIETY,H2-1-1,WRITE_HSF_LEX_VARIETY_SUB01,避免不必要重複,,源自 workbook High_Score_Features「Sub-skills / 判斷項目」逐項拆分（分隔符：；）。,ACTIVE,OWNER_ONLY,TRUE,FALSE
H2,H2-1,WRITE_HSF_LEX_VARIETY,H2-1-2,WRITE_HSF_LEX_VARIETY_SUB02,不同詞彙表達相關概念,,源自 workbook High_Score_Features「Sub-skills / 判斷項目」逐項拆分（分隔符：；）。,ACTIVE,OWNER_ONLY,TRUE,FALSE
H2,H2-1,WRITE_HSF_LEX_VARIETY,H2-1-3,WRITE_HSF_LEX_VARIETY_SUB03,詞類／詞彙變化,Word-class / Lexical Variation,源自 workbook High_Score_Features「Sub-skills / 判斷項目」逐項拆分（分隔符：；）。 原文「動詞／形容詞／名詞變化」。Owner 於 2026-08-30 裁決維持單一 node，不再拆分。,ACTIVE,OWNER_ONLY,TRUE,FALSE
H2,H2-2,WRITE_HSF_LEX_PRECISION,H2-2-1,WRITE_HSF_LEX_PRECISION_SPECIFIC_VERBS,精準動詞,specific verbs,源自 workbook High_Score_Features「Sub-skills / 判斷項目」逐項拆分（分隔符：；）。,ACTIVE,OWNER_ONLY,TRUE,FALSE
H2,H2-2,WRITE_HSF_LEX_PRECISION,H2-2-2,WRITE_HSF_LEX_PRECISION_PRECISE_NOUNS,精準名詞,precise nouns,源自 workbook High_Score_Features「Sub-skills / 判斷項目」逐項拆分（分隔符：；）。,ACTIVE,OWNER_ONLY,TRUE,FALSE
H2,H2-2,WRITE_HSF_LEX_PRECISION,H2-2-3,WRITE_HSF_LEX_PRECISION_ADJECTIVE_ADVERB,適切修飾語選擇,Appropriate Modifier Choice,源自 workbook High_Score_Features「Sub-skills / 判斷項目」逐項拆分（分隔符：；）。 原文「適切 adjective/adverb」。Owner 於 2026-08-30 裁決維持單一 node，不再拆分。,ACTIVE,OWNER_ONLY,TRUE,FALSE
H2,H2-2,WRITE_HSF_LEX_PRECISION,H2-2-4,WRITE_HSF_LEX_PRECISION_SUB04,細微語義差異,,源自 workbook High_Score_Features「Sub-skills / 判斷項目」逐項拆分（分隔符：；）。,ACTIVE,OWNER_ONLY,TRUE,FALSE
H2,H2-3,WRITE_HSF_ADV_VOCAB,H2-3-1,WRITE_HSF_ADV_VOCAB_SOPHISTICATED_BUT_NATURAL_VOCABULARY,成熟且自然的詞彙,sophisticated but natural vocabulary,源自 workbook High_Score_Features「Sub-skills / 判斷項目」逐項拆分（分隔符：；）。,ACTIVE,OWNER_ONLY,TRUE,FALSE
H2,H2-3,WRITE_HSF_ADV_VOCAB,H2-3-2,WRITE_HSF_ADV_VOCAB_ACADEMIC_VOCABULARY,學術詞彙,academic vocabulary,源自 workbook High_Score_Features「Sub-skills / 判斷項目」逐項拆分（分隔符：；）。,ACTIVE,OWNER_ONLY,TRUE,FALSE
H2,H2-3,WRITE_HSF_ADV_VOCAB,H2-3-3,WRITE_HSF_ADV_VOCAB_SUB03,避免硬塞難字,,源自 workbook High_Score_Features「Sub-skills / 判斷項目」逐項拆分（分隔符：；）。,ACTIVE,OWNER_ONLY,TRUE,FALSE
H2,H2-4,WRITE_HSF_COLLOCATION,H2-4-1,WRITE_HSF_COLLOCATION_VERB_NOUN,動詞－名詞搭配,verb–noun,源自 workbook High_Score_Features「Sub-skills / 判斷項目」逐項拆分（分隔符：；）。,ACTIVE,OWNER_ONLY,TRUE,FALSE
H2,H2-4,WRITE_HSF_COLLOCATION,H2-4-2,WRITE_HSF_COLLOCATION_ADJECTIVE_NOUN,形容詞－名詞搭配,adjective–noun,源自 workbook High_Score_Features「Sub-skills / 判斷項目」逐項拆分（分隔符：；）。,ACTIVE,OWNER_ONLY,TRUE,FALSE
H2,H2-4,WRITE_HSF_COLLOCATION,H2-4-3,WRITE_HSF_COLLOCATION_ADVERB_ADJECTIVE,副詞－形容詞搭配,adverb–adjective,源自 workbook High_Score_Features「Sub-skills / 判斷項目」逐項拆分（分隔符：；）。,ACTIVE,OWNER_ONLY,TRUE,FALSE
H2,H2-4,WRITE_HSF_COLLOCATION,H2-4-4,WRITE_HSF_COLLOCATION_PREPOSITIONAL_COLLOCATIONS,介係詞搭配,prepositional collocations,源自 workbook High_Score_Features「Sub-skills / 判斷項目」逐項拆分（分隔符：；）。,ACTIVE,OWNER_ONLY,TRUE,FALSE
H2,H2-4,WRITE_HSF_COLLOCATION,H2-4-5,WRITE_HSF_COLLOCATION_SUB05,慣用搭配,,源自 workbook High_Score_Features「Sub-skills / 判斷項目」逐項拆分（分隔符：；）。,ACTIVE,OWNER_ONLY,TRUE,FALSE
H2,H2-5,WRITE_HSF_PARAPHRASE,H2-5-1,WRITE_HSF_PARAPHRASE_SYNONYMS,同義詞,synonyms,源自 workbook High_Score_Features「Sub-skills / 判斷項目」逐項拆分（分隔符：；）。,ACTIVE,OWNER_ONLY,TRUE,FALSE
H2,H2-5,WRITE_HSF_PARAPHRASE,H2-5-2,WRITE_HSF_PARAPHRASE_NEAR_SYNONYMS,近義詞,near-synonyms,源自 workbook High_Score_Features「Sub-skills / 判斷項目」逐項拆分（分隔符：；）。,ACTIVE,OWNER_ONLY,TRUE,FALSE
H2,H2-5,WRITE_HSF_PARAPHRASE,H2-5-3,WRITE_HSF_PARAPHRASE_PHRASE_REPLACEMENT,片語替換,phrase replacement,源自 workbook High_Score_Features「Sub-skills / 判斷項目」逐項拆分（分隔符：；）。,ACTIVE,OWNER_ONLY,TRUE,FALSE
H2,H2-5,WRITE_HSF_PARAPHRASE,H2-5-4,WRITE_HSF_PARAPHRASE_CONCEPTUAL_REWORDING,概念改寫,conceptual rewording,源自 workbook High_Score_Features「Sub-skills / 判斷項目」逐項拆分（分隔符：；）。,ACTIVE,OWNER_ONLY,TRUE,FALSE
H2,H2-5,WRITE_HSF_PARAPHRASE,H2-5-5,WRITE_HSF_PARAPHRASE_SUB05,避免原詞重複,,源自 workbook High_Score_Features「Sub-skills / 判斷項目」逐項拆分（分隔符：；）。,ACTIVE,OWNER_ONLY,TRUE,FALSE
H3,H3-1,WRITE_HSF_TRANSITIONS,H3-1-1,WRITE_HSF_TRANSITIONS_ADDITION,增補轉承,addition,源自 workbook High_Score_Features「Sub-skills / 判斷項目」逐項拆分（分隔符：；）。,ACTIVE,OWNER_ONLY,TRUE,FALSE
H3,H3-1,WRITE_HSF_TRANSITIONS,H3-1-2,WRITE_HSF_TRANSITIONS_CONTRAST,對比轉承,contrast,源自 workbook High_Score_Features「Sub-skills / 判斷項目」逐項拆分（分隔符：；）。,ACTIVE,OWNER_ONLY,TRUE,FALSE
H3,H3-1,WRITE_HSF_TRANSITIONS,H3-1-3,WRITE_HSF_TRANSITIONS_CAUSE_EFFECT,因果轉承,cause-effect,源自 workbook High_Score_Features「Sub-skills / 判斷項目」逐項拆分（分隔符：；）。,ACTIVE,OWNER_ONLY,TRUE,FALSE
H3,H3-1,WRITE_HSF_TRANSITIONS,H3-1-4,WRITE_HSF_TRANSITIONS_EXAMPLE,舉例轉承,example,源自 workbook High_Score_Features「Sub-skills / 判斷項目」逐項拆分（分隔符：；）。,ACTIVE,OWNER_ONLY,TRUE,FALSE
H3,H3-1,WRITE_HSF_TRANSITIONS,H3-1-5,WRITE_HSF_TRANSITIONS_CONCESSION,讓步轉承,concession,源自 workbook High_Score_Features「Sub-skills / 判斷項目」逐項拆分（分隔符：；）。,ACTIVE,OWNER_ONLY,TRUE,FALSE
H3,H3-1,WRITE_HSF_TRANSITIONS,H3-1-6,WRITE_HSF_TRANSITIONS_SEQUENCE,順序轉承,sequence,源自 workbook High_Score_Features「Sub-skills / 判斷項目」逐項拆分（分隔符：；）。,ACTIVE,OWNER_ONLY,TRUE,FALSE
H3,H3-1,WRITE_HSF_TRANSITIONS,H3-1-7,WRITE_HSF_TRANSITIONS_SUMMARY_TRANSITIONS,總結轉承,summary transitions,源自 workbook High_Score_Features「Sub-skills / 判斷項目」逐項拆分（分隔符：；）。,ACTIVE,OWNER_ONLY,TRUE,FALSE
H3,H3-1,WRITE_HSF_TRANSITIONS,H3-1-8,WRITE_HSF_TRANSITIONS_SUB08,隱性轉承,,源自 workbook High_Score_Features「Sub-skills / 判斷項目」逐項拆分（分隔符：；）。,ACTIVE,OWNER_ONLY,TRUE,FALSE
H3,H3-2,WRITE_HSF_LEX_COHESION,H3-2-1,WRITE_HSF_LEX_COHESION_REPETITION_OF_KEY_CONCEPTS,關鍵概念重述,repetition of key concepts,源自 workbook High_Score_Features「Sub-skills / 判斷項目」逐項拆分（分隔符：；）。,ACTIVE,OWNER_ONLY,TRUE,FALSE
H3,H3-2,WRITE_HSF_LEX_COHESION,H3-2-2,WRITE_HSF_LEX_COHESION_SYNONYM_CHAIN,同義詞鏈,synonym chain,源自 workbook High_Score_Features「Sub-skills / 判斷項目」逐項拆分（分隔符：；）。,ACTIVE,OWNER_ONLY,TRUE,FALSE
H3,H3-2,WRITE_HSF_LEX_COHESION,H3-2-3,WRITE_HSF_LEX_COHESION_SEMANTIC_FIELD,語意場,semantic field,源自 workbook High_Score_Features「Sub-skills / 判斷項目」逐項拆分（分隔符：；）。,ACTIVE,OWNER_ONLY,TRUE,FALSE
H3,H3-2,WRITE_HSF_LEX_COHESION,H3-2-4,WRITE_HSF_LEX_COHESION_SUPERORDINATE_SUBORDINATE_TERMS,上位／下位詞關係,Superordinate / Subordinate Lexical Relation,源自 workbook High_Score_Features「Sub-skills / 判斷項目」逐項拆分（分隔符：；）。 原文「上位／下位詞」。Owner 於 2026-08-30 裁決維持單一 node，不再拆分。,ACTIVE,OWNER_ONLY,TRUE,FALSE
H3,H3-2,WRITE_HSF_LEX_COHESION,H3-2-5,WRITE_HSF_LEX_COHESION_LEXICAL_RECURRENCE,詞彙復現,lexical recurrence,源自 workbook High_Score_Features「Sub-skills / 判斷項目」逐項拆分（分隔符：；）。,ACTIVE,OWNER_ONLY,TRUE,FALSE
H3,H3-3,WRITE_HSF_REF_COHESION,H3-3-1,WRITE_HSF_REF_COHESION_THIS_THAT_THESE_THOSE,指示詞指涉,Demonstrative Reference,源自 workbook High_Score_Features「Sub-skills / 判斷項目」逐項拆分（分隔符：；）。 原文「this／that／these／those 指涉」。Owner 於 2026-08-30 裁決維持單一 node，不再拆分。,ACTIVE,OWNER_ONLY,TRUE,FALSE
H3,H3-3,WRITE_HSF_REF_COHESION,H3-3-2,WRITE_HSF_REF_COHESION_IT_THEY,代名詞指涉,Pronoun Reference,源自 workbook High_Score_Features「Sub-skills / 判斷項目」逐項拆分（分隔符：；）。 原文「it／they 指涉」。Owner 於 2026-08-30 裁決維持單一 node，不再拆分。,ACTIVE,OWNER_ONLY,TRUE,FALSE
H3,H3-3,WRITE_HSF_REF_COHESION,H3-3-3,WRITE_HSF_REF_COHESION_SUCH_N,such + N 指涉,such + N,源自 workbook High_Score_Features「Sub-skills / 判斷項目」逐項拆分（分隔符：；）。,ACTIVE,OWNER_ONLY,TRUE,FALSE
H3,H3-3,WRITE_HSF_REF_COHESION,H3-3-4,WRITE_HSF_REF_COHESION_THE_FORMER_LATTER,the former／latter 指涉,Former/Latter Reference,源自 workbook High_Score_Features「Sub-skills / 判斷項目」逐項拆分（分隔符：；）。 原文「the former／latter 指涉」。Owner 於 2026-08-30 裁決維持單一 node，不再拆分。,ACTIVE,OWNER_ONLY,TRUE,FALSE
H3,H3-3,WRITE_HSF_REF_COHESION,H3-3-5,WRITE_HSF_REF_COHESION_CLEAR_BACKWARD_REFERENCE,清楚的回指,clear backward reference,源自 workbook High_Score_Features「Sub-skills / 判斷項目」逐項拆分（分隔符：；）。,ACTIVE,OWNER_ONLY,TRUE,FALSE
H3,H3-4,WRITE_HSF_INFO_FLOW,H3-4-1,WRITE_HSF_INFO_FLOW_GIVEN_NEW_INFORMATION,已知→新資訊,given → new information,源自 workbook High_Score_Features「Sub-skills / 判斷項目」逐項拆分（分隔符：；）。,ACTIVE,OWNER_ONLY,TRUE,FALSE
H3,H3-4,WRITE_HSF_INFO_FLOW,H3-4-2,WRITE_HSF_INFO_FLOW_SENTENCE_TO_SENTENCE_PROGRESSION,句與句遞進,sentence-to-sentence progression,源自 workbook High_Score_Features「Sub-skills / 判斷項目」逐項拆分（分隔符：；）。,ACTIVE,OWNER_ONLY,TRUE,FALSE
H3,H3-4,WRITE_HSF_INFO_FLOW,H3-4-3,WRITE_HSF_INFO_FLOW_A_B_C_DEVELOPMENT,A→B→C 推展,A→B→C development,源自 workbook High_Score_Features「Sub-skills / 判斷項目」逐項拆分（分隔符：；）。,ACTIVE,OWNER_ONLY,TRUE,FALSE
H3,H3-4,WRITE_HSF_INFO_FLOW,H3-4-4,WRITE_HSF_INFO_FLOW_ABRUPT_TOPIC_JUMPS,避免 abrupt topic jumps,,源自 workbook High_Score_Features「Sub-skills / 判斷項目」逐項拆分（分隔符：；）。,ACTIVE,OWNER_ONLY,TRUE,FALSE
H3,H3-5,WRITE_HSF_PARA_PROGRESSION,H3-5-1,WRITE_HSF_PARA_PROGRESSION_SUB01,前段→後段邏輯承接,,源自 workbook High_Score_Features「Sub-skills / 判斷項目」逐項拆分（分隔符：；）。,ACTIVE,OWNER_ONLY,TRUE,FALSE
H3,H3-5,WRITE_HSF_PARA_PROGRESSION,H3-5-2,WRITE_HSF_PARA_PROGRESSION_BRIDGE_SENTENCE,橋接句,bridge sentence,源自 workbook High_Score_Features「Sub-skills / 判斷項目」逐項拆分（分隔符：；）。,ACTIVE,OWNER_ONLY,TRUE,FALSE
H3,H3-5,WRITE_HSF_PARA_PROGRESSION,H3-5-3,WRITE_HSF_PARA_PROGRESSION_CONCEPT_CARRY_OVER,概念承接,concept carry-over,源自 workbook High_Score_Features「Sub-skills / 判斷項目」逐項拆分（分隔符：；）。,ACTIVE,OWNER_ONLY,TRUE,FALSE
H3,H3-5,WRITE_HSF_PARA_PROGRESSION,H3-5-4,WRITE_HSF_PARA_PROGRESSION_SUB04,段落功能順序,,源自 workbook High_Score_Features「Sub-skills / 判斷項目」逐項拆分（分隔符：；）。,ACTIVE,OWNER_ONLY,TRUE,FALSE
H3,H3-6,WRITE_HSF_CALLBACK,H3-6-1,WRITE_HSF_CALLBACK_INTRODUCTION_CONCLUSION_ECHO,首尾呼應,introduction–conclusion echo,源自 workbook High_Score_Features「Sub-skills / 判斷項目」逐項拆分（分隔符：；）。,ACTIVE,OWNER_ONLY,TRUE,FALSE
H3,H3-6,WRITE_HSF_CALLBACK,H3-6-2,WRITE_HSF_CALLBACK_MOTIF_CALLBACK,母題回扣,motif callback,源自 workbook High_Score_Features「Sub-skills / 判斷項目」逐項拆分（分隔符：；）。,ACTIVE,OWNER_ONLY,TRUE,FALSE
H3,H3-6,WRITE_HSF_CALLBACK,H3-6-3,WRITE_HSF_CALLBACK_KEY_PHRASE_RETURN,關鍵語句重現,key phrase return,源自 workbook High_Score_Features「Sub-skills / 判斷項目」逐項拆分（分隔符：；）。,ACTIVE,OWNER_ONLY,TRUE,FALSE
H3,H3-6,WRITE_HSF_CALLBACK,H3-6-4,WRITE_HSF_CALLBACK_OPENING_IMAGE_REVISITED,開場意象重訪,opening image revisited,源自 workbook High_Score_Features「Sub-skills / 判斷項目」逐項拆分（分隔符：；）。,ACTIVE,OWNER_ONLY,TRUE,FALSE
H3,H3-6,WRITE_HSF_CALLBACK,H3-6-5,WRITE_HSF_CALLBACK_CENTRAL_IDEA_RECURRENCE,核心概念復現,central idea recurrence,源自 workbook High_Score_Features「Sub-skills / 判斷項目」逐項拆分（分隔符：；）。,ACTIVE,OWNER_ONLY,TRUE,FALSE
H4,H4-1,WRITE_HSF_CONTRAST,H4-1-1,WRITE_HSF_CONTRAST_CONTRAST,對比轉承,contrast,源自 workbook High_Score_Features「Sub-skills / 判斷項目」逐項拆分（分隔符：；）。,ACTIVE,OWNER_ONLY,TRUE,FALSE
H4,H4-1,WRITE_HSF_CONTRAST,H4-1-2,WRITE_HSF_CONTRAST_ANTITHESIS,對偶反襯,antithesis,源自 workbook High_Score_Features「Sub-skills / 判斷項目」逐項拆分（分隔符：；）。,ACTIVE,OWNER_ONLY,TRUE,FALSE
H4,H4-1,WRITE_HSF_CONTRAST,H4-1-3,WRITE_HSF_CONTRAST_JUXTAPOSITION,並置,juxtaposition,源自 workbook High_Score_Features「Sub-skills / 判斷項目」逐項拆分（分隔符：；）。,ACTIVE,OWNER_ONLY,TRUE,FALSE
H4,H4-1,WRITE_HSF_CONTRAST,H4-1-4,WRITE_HSF_CONTRAST_BEFORE_AFTER,前後對照,Before/After Contrast,源自 workbook High_Score_Features「Sub-skills / 判斷項目」逐項拆分（分隔符：；）。 原文「前後對照」。Owner 於 2026-08-30 裁決維持單一 node，不再拆分。,ACTIVE,OWNER_ONLY,TRUE,FALSE
H4,H4-1,WRITE_HSF_CONTRAST,H4-1-5,WRITE_HSF_CONTRAST_LIGHT_DARK_CONTRAST,明暗對照,Light/Dark Contrast,源自 workbook High_Score_Features「Sub-skills / 判斷項目」逐項拆分（分隔符：；）。 原文「明暗對照」。Owner 於 2026-08-30 裁決維持單一 node，不再拆分。,ACTIVE,OWNER_ONLY,TRUE,FALSE
H4,H4-2,WRITE_HSF_PATTERNING,H4-2-1,WRITE_HSF_PATTERNING_RHETORICAL_PARALLELISM,修辭平行,rhetorical parallelism,源自 workbook High_Score_Features「Sub-skills / 判斷項目」逐項拆分（分隔符：；）。,ACTIVE,OWNER_ONLY,TRUE,FALSE
H4,H4-2,WRITE_HSF_PATTERNING,H4-2-2,WRITE_HSF_PATTERNING_RULE_OF_THREE,三段式,Rule of Three,源自 workbook High_Score_Features「Sub-skills / 判斷項目」逐項拆分（分隔符：；）。,ACTIVE,OWNER_ONLY,TRUE,FALSE
H4,H4-2,WRITE_HSF_PATTERNING,H4-2-3,WRITE_HSF_PATTERNING_ANAPHORA,anaphora 首語重複,,源自 workbook High_Score_Features「Sub-skills / 判斷項目」逐項拆分（分隔符：；）。,ACTIVE,OWNER_ONLY,TRUE,FALSE
H4,H4-2,WRITE_HSF_PATTERNING,H4-2-4,WRITE_HSF_PATTERNING_REPETITION,重複,repetition,源自 workbook High_Score_Features「Sub-skills / 判斷項目」逐項拆分（分隔符：；）。,ACTIVE,OWNER_ONLY,TRUE,FALSE
H4,H4-2,WRITE_HSF_PATTERNING,H4-2-5,WRITE_HSF_PATTERNING_CLIMACTIC_SEQUENCE,漸強序列,climactic sequence,源自 workbook High_Score_Features「Sub-skills / 判斷項目」逐項拆分（分隔符：；）。,ACTIVE,OWNER_ONLY,TRUE,FALSE
H4,H4-3,WRITE_HSF_RHET_QUESTION,H4-3-1,WRITE_HSF_RHET_QUESTION_QUESTION_OPENING,提問開場,question opening,源自 workbook High_Score_Features「Sub-skills / 判斷項目」逐項拆分（分隔符：；）。,ACTIVE,OWNER_ONLY,TRUE,FALSE
H4,H4-3,WRITE_HSF_RHET_QUESTION,H4-3-2,WRITE_HSF_RHET_QUESTION_CHALLENGE_QUESTION,挑戰式提問,challenge question,源自 workbook High_Score_Features「Sub-skills / 判斷項目」逐項拆分（分隔符：；）。,ACTIVE,OWNER_ONLY,TRUE,FALSE
H4,H4-3,WRITE_HSF_RHET_QUESTION,H4-3-3,WRITE_HSF_RHET_QUESTION_REFLECTIVE_QUESTION,反思式提問,reflective question,源自 workbook High_Score_Features「Sub-skills / 判斷項目」逐項拆分（分隔符：；）。,ACTIVE,OWNER_ONLY,TRUE,FALSE
H4,H4-3,WRITE_HSF_RHET_QUESTION,H4-3-4,WRITE_HSF_RHET_QUESTION_QUESTION_ANSWER_PATTERN,自問自答,question-answer pattern,源自 workbook High_Score_Features「Sub-skills / 判斷項目」逐項拆分（分隔符：；）。,ACTIVE,OWNER_ONLY,TRUE,FALSE
H4,H4-4,WRITE_HSF_FIGURATIVE,H4-4-1,WRITE_HSF_FIGURATIVE_SIMILE,明喻,simile,源自 workbook High_Score_Features「Sub-skills / 判斷項目」逐項拆分（分隔符：；）。,ACTIVE,OWNER_ONLY,TRUE,FALSE
H4,H4-4,WRITE_HSF_FIGURATIVE,H4-4-2,WRITE_HSF_FIGURATIVE_METAPHOR,隱喻,metaphor,源自 workbook High_Score_Features「Sub-skills / 判斷項目」逐項拆分（分隔符：；）。,ACTIVE,OWNER_ONLY,TRUE,FALSE
H4,H4-4,WRITE_HSF_FIGURATIVE,H4-4-3,WRITE_HSF_FIGURATIVE_ANALOGY,類比,analogy,源自 workbook High_Score_Features「Sub-skills / 判斷項目」逐項拆分（分隔符：；）。,ACTIVE,OWNER_ONLY,TRUE,FALSE
H4,H4-4,WRITE_HSF_FIGURATIVE,H4-4-4,WRITE_HSF_FIGURATIVE_EXTENDED_METAPHOR,延伸隱喻,extended metaphor,源自 workbook High_Score_Features「Sub-skills / 判斷項目」逐項拆分（分隔符：；）。,ACTIVE,OWNER_ONLY,TRUE,FALSE
H4,H4-4,WRITE_HSF_FIGURATIVE,H4-4-5,WRITE_HSF_FIGURATIVE_PERSONIFICATION,擬人,personification,源自 workbook High_Score_Features「Sub-skills / 判斷項目」逐項拆分（分隔符：；）。,ACTIVE,OWNER_ONLY,TRUE,FALSE
H4,H4-5,WRITE_HSF_IMAGERY,H4-5-1,WRITE_HSF_IMAGERY_VISUAL,視覺意象,Visual Imagery,源自 workbook High_Score_Features「Sub-skills / 判斷項目」逐項拆分（分隔符：；）。 Owner 於 2026-08-30 裁決自「visual / auditory / tactile / olfactory / gustatory imagery」拆分為獨立 Sub-skill。,ACTIVE,OWNER_ONLY,TRUE,FALSE
H4,H4-5,WRITE_HSF_IMAGERY,H4-5-2,WRITE_HSF_IMAGERY_AUDITORY,聽覺意象,Auditory Imagery,源自 workbook High_Score_Features「Sub-skills / 判斷項目」逐項拆分（分隔符：；）。 Owner 於 2026-08-30 裁決自「visual / auditory / tactile / olfactory / gustatory imagery」拆分為獨立 Sub-skill。,ACTIVE,OWNER_ONLY,TRUE,FALSE
H4,H4-5,WRITE_HSF_IMAGERY,H4-5-3,WRITE_HSF_IMAGERY_TACTILE,觸覺意象,Tactile Imagery,源自 workbook High_Score_Features「Sub-skills / 判斷項目」逐項拆分（分隔符：；）。 Owner 於 2026-08-30 裁決自「visual / auditory / tactile / olfactory / gustatory imagery」拆分為獨立 Sub-skill。,ACTIVE,OWNER_ONLY,TRUE,FALSE
H4,H4-5,WRITE_HSF_IMAGERY,H4-5-4,WRITE_HSF_IMAGERY_OLFACTORY,嗅覺意象,Olfactory Imagery,源自 workbook High_Score_Features「Sub-skills / 判斷項目」逐項拆分（分隔符：；）。 Owner 於 2026-08-30 裁決自「visual / auditory / tactile / olfactory / gustatory imagery」拆分為獨立 Sub-skill。,ACTIVE,OWNER_ONLY,TRUE,FALSE
H4,H4-5,WRITE_HSF_IMAGERY,H4-5-5,WRITE_HSF_IMAGERY_GUSTATORY,味覺意象,Gustatory Imagery,源自 workbook High_Score_Features「Sub-skills / 判斷項目」逐項拆分（分隔符：；）。 Owner 於 2026-08-30 裁決自「visual / auditory / tactile / olfactory / gustatory imagery」拆分為獨立 Sub-skill。,ACTIVE,OWNER_ONLY,TRUE,FALSE
H4,H4-5,WRITE_HSF_IMAGERY,H4-5-6,WRITE_HSF_IMAGERY_SENSORY_DETAILS,感官細節,sensory details,源自 workbook High_Score_Features「Sub-skills / 判斷項目」逐項拆分（分隔符：；）。,ACTIVE,OWNER_ONLY,TRUE,FALSE
H4,H4-5,WRITE_HSF_IMAGERY,H4-5-7,WRITE_HSF_IMAGERY_CONCRETE_IMAGERY,具體意象,concrete imagery,源自 workbook High_Score_Features「Sub-skills / 判斷項目」逐項拆分（分隔符：；）。,ACTIVE,OWNER_ONLY,TRUE,FALSE
H4,H4-6,WRITE_HSF_POWERFUL_CLOSE,H4-6-1,WRITE_HSF_POWERFUL_CLOSE_PUNCH_LINE,收束金句,punch line,源自 workbook High_Score_Features「Sub-skills / 判斷項目」逐項拆分（分隔符：；）。,ACTIVE,OWNER_ONLY,TRUE,FALSE
H4,H4-6,WRITE_HSF_POWERFUL_CLOSE,H4-6-2,WRITE_HSF_POWERFUL_CLOSE_APHORISTIC_ENDING,格言式結尾,aphoristic ending,源自 workbook High_Score_Features「Sub-skills / 判斷項目」逐項拆分（分隔符：；）。,ACTIVE,OWNER_ONLY,TRUE,FALSE
H4,H4-6,WRITE_HSF_POWERFUL_CLOSE,H4-6-3,WRITE_HSF_POWERFUL_CLOSE_CALLBACK_ENDING,回扣式結尾,callback ending,源自 workbook High_Score_Features「Sub-skills / 判斷項目」逐項拆分（分隔符：；）。,ACTIVE,OWNER_ONLY,TRUE,FALSE
H4,H4-6,WRITE_HSF_POWERFUL_CLOSE,H4-6-4,WRITE_HSF_POWERFUL_CLOSE_CONTRAST_ENDING,對比式結尾,contrast ending,源自 workbook High_Score_Features「Sub-skills / 判斷項目」逐項拆分（分隔符：；）。,ACTIVE,OWNER_ONLY,TRUE,FALSE
H4,H4-6,WRITE_HSF_POWERFUL_CLOSE,H4-6-5,WRITE_HSF_POWERFUL_CLOSE_RHETORICAL_QUESTION_ENDING,提問式結尾,rhetorical question ending,源自 workbook High_Score_Features「Sub-skills / 判斷項目」逐項拆分（分隔符：；）。,ACTIVE,OWNER_ONLY,TRUE,FALSE
H4,H4-6,WRITE_HSF_POWERFUL_CLOSE,H4-6-6,WRITE_HSF_POWERFUL_CLOSE_MEMORABLE_FINAL_SENTENCE,令人印象深刻的結尾句,memorable final sentence,源自 workbook High_Score_Features「Sub-skills / 判斷項目」逐項拆分（分隔符：；）。,ACTIVE,OWNER_ONLY,TRUE,FALSE
H5,H5-1,WRITE_HSF_CLEAR_FOCUS,H5-1-1,WRITE_HSF_CLEAR_FOCUS_CENTRAL_IDEA,核心概念,central idea,源自 workbook High_Score_Features「Sub-skills / 判斷項目」逐項拆分（分隔符：；）。,ACTIVE,OWNER_ONLY,TRUE,FALSE
H5,H5-1,WRITE_HSF_CLEAR_FOCUS,H5-1-2,WRITE_HSF_CLEAR_FOCUS_CONTROLLING_IDEA,統攝概念,controlling idea,源自 workbook High_Score_Features「Sub-skills / 判斷項目」逐項拆分（分隔符：；）。,ACTIVE,OWNER_ONLY,TRUE,FALSE
H5,H5-1,WRITE_HSF_CLEAR_FOCUS,H5-1-3,WRITE_HSF_CLEAR_FOCUS_THESIS,thesis（論說文）,,源自 workbook High_Score_Features「Sub-skills / 判斷項目」逐項拆分（分隔符：；）。,ACTIVE,OWNER_ONLY,TRUE,FALSE
H5,H5-1,WRITE_HSF_CLEAR_FOCUS,H5-1-4,WRITE_HSF_CLEAR_FOCUS_PARAGRAPH_FOCUS,段落焦點,paragraph focus,源自 workbook High_Score_Features「Sub-skills / 判斷項目」逐項拆分（分隔符：；）。,ACTIVE,OWNER_ONLY,TRUE,FALSE
H5,H5-1,WRITE_HSF_CLEAR_FOCUS,H5-1-5,WRITE_HSF_CLEAR_FOCUS_PURPOSE_AWARENESS,寫作目的意識,purpose awareness,源自 workbook High_Score_Features「Sub-skills / 判斷項目」逐項拆分（分隔符：；）。,ACTIVE,OWNER_ONLY,TRUE,FALSE
H5,H5-2,WRITE_HSF_ELABORATION,H5-2-1,WRITE_HSF_ELABORATION_SPECIFICITY,具體性,specificity,源自 workbook High_Score_Features「Sub-skills / 判斷項目」逐項拆分（分隔符：；）。,ACTIVE,OWNER_ONLY,TRUE,FALSE
H5,H5-2,WRITE_HSF_ELABORATION,H5-2-2,WRITE_HSF_ELABORATION_CONCRETIZATION,具象化,concretization,源自 workbook High_Score_Features「Sub-skills / 判斷項目」逐項拆分（分隔符：；）。,ACTIVE,OWNER_ONLY,TRUE,FALSE
H5,H5-2,WRITE_HSF_ELABORATION,H5-2-3,WRITE_HSF_ELABORATION_EFFECTIVE_EXAMPLES,有效例證,effective examples,源自 workbook High_Score_Features「Sub-skills / 判斷項目」逐項拆分（分隔符：；）。,ACTIVE,OWNER_ONLY,TRUE,FALSE
H5,H5-2,WRITE_HSF_ELABORATION,H5-2-4,WRITE_HSF_ELABORATION_ILLUSTRATION,例示,illustration,源自 workbook High_Score_Features「Sub-skills / 判斷項目」逐項拆分（分隔符：；）。,ACTIVE,OWNER_ONLY,TRUE,FALSE
H5,H5-2,WRITE_HSF_ELABORATION,H5-2-5,WRITE_HSF_ELABORATION_EXPLANATION,解釋,explanation,源自 workbook High_Score_Features「Sub-skills / 判斷項目」逐項拆分（分隔符：；）。,ACTIVE,OWNER_ONLY,TRUE,FALSE
H5,H5-2,WRITE_HSF_ELABORATION,H5-2-6,WRITE_HSF_ELABORATION_DETAIL,細節,detail,源自 workbook High_Score_Features「Sub-skills / 判斷項目」逐項拆分（分隔符：；）。,ACTIVE,OWNER_ONLY,TRUE,FALSE
H5,H5-2,WRITE_HSF_ELABORATION,H5-2-7,WRITE_HSF_ELABORATION_IDEA_EXPLAIN_EXTEND,Idea → Explain → Extend 展開,Idea → Explain → Extend,源自 workbook High_Score_Features「Sub-skills / 判斷項目」逐項拆分（分隔符：；）。,ACTIVE,OWNER_ONLY,TRUE,FALSE
H5,H5-3,WRITE_HSF_LOGIC,H5-3-1,WRITE_HSF_LOGIC_CAUSE_EFFECT,因果轉承,cause-effect,源自 workbook High_Score_Features「Sub-skills / 判斷項目」逐項拆分（分隔符：；）。,ACTIVE,OWNER_ONLY,TRUE,FALSE
H5,H5-3,WRITE_HSF_LOGIC,H5-3-2,WRITE_HSF_LOGIC_CAUSAL_CHAIN,因果鏈,causal chain,源自 workbook High_Score_Features「Sub-skills / 判斷項目」逐項拆分（分隔符：；）。,ACTIVE,OWNER_ONLY,TRUE,FALSE
H5,H5-3,WRITE_HSF_LOGIC,H5-3-3,WRITE_HSF_LOGIC_PROBLEM_SOLUTION,問題－解決,problem-solution,源自 workbook High_Score_Features「Sub-skills / 判斷項目」逐項拆分（分隔符：；）。,ACTIVE,OWNER_ONLY,TRUE,FALSE
H5,H5-3,WRITE_HSF_LOGIC,H5-3-4,WRITE_HSF_LOGIC_CONDITION_RESULT,條件－結果,condition-result,源自 workbook High_Score_Features「Sub-skills / 判斷項目」逐項拆分（分隔符：；）。,ACTIVE,OWNER_ONLY,TRUE,FALSE
H5,H5-3,WRITE_HSF_LOGIC,H5-3-5,WRITE_HSF_LOGIC_REASON_RESULT,理由－結果,reason-result,源自 workbook High_Score_Features「Sub-skills / 判斷項目」逐項拆分（分隔符：；）。,ACTIVE,OWNER_ONLY,TRUE,FALSE
H5,H5-3,WRITE_HSF_LOGIC,H5-3-6,WRITE_HSF_LOGIC_PROCESS_DEVELOPMENT,過程推展,process development,源自 workbook High_Score_Features「Sub-skills / 判斷項目」逐項拆分（分隔符：；）。,ACTIVE,OWNER_ONLY,TRUE,FALSE
H5,H5-4,WRITE_HSF_MULTIANGLE,H5-4-1,WRITE_HSF_MULTIANGLE_COMPARE_CONTRAST,比較對照,compare & contrast,源自 workbook High_Score_Features「Sub-skills / 判斷項目」逐項拆分（分隔符：；）。,ACTIVE,OWNER_ONLY,TRUE,FALSE
H5,H5-4,WRITE_HSF_MULTIANGLE,H5-4-2,WRITE_HSF_MULTIANGLE_CATEGORIZATION,分類,categorization,源自 workbook High_Score_Features「Sub-skills / 判斷項目」逐項拆分（分隔符：；）。,ACTIVE,OWNER_ONLY,TRUE,FALSE
H5,H5-4,WRITE_HSF_MULTIANGLE,H5-4-3,WRITE_HSF_MULTIANGLE_GROUPING,歸類,grouping,源自 workbook High_Score_Features「Sub-skills / 判斷項目」逐項拆分（分隔符：；）。,ACTIVE,OWNER_ONLY,TRUE,FALSE
H5,H5-4,WRITE_HSF_MULTIANGLE,H5-4-4,WRITE_HSF_MULTIANGLE_MULTIPLE_PERSPECTIVES,多重觀點,multiple perspectives,源自 workbook High_Score_Features「Sub-skills / 判斷項目」逐項拆分（分隔符：；）。,ACTIVE,OWNER_ONLY,TRUE,FALSE
H5,H5-4,WRITE_HSF_MULTIANGLE,H5-4-5,WRITE_HSF_MULTIANGLE_STAKEHOLDER_ANALYSIS,關係人分析,stakeholder analysis,源自 workbook High_Score_Features「Sub-skills / 判斷項目」逐項拆分（分隔符：；）。,ACTIVE,OWNER_ONLY,TRUE,FALSE
H5,H5-4,WRITE_HSF_MULTIANGLE,H5-4-6,WRITE_HSF_MULTIANGLE_DIFFERENT_DIMENSIONS,不同面向,different dimensions,源自 workbook High_Score_Features「Sub-skills / 判斷項目」逐項拆分（分隔符：；）。,ACTIVE,OWNER_ONLY,TRUE,FALSE
H5,H5-5,WRITE_HSF_INSIGHT,H5-5-1,WRITE_HSF_INSIGHT_LESSON_LEARNED,學到的道理,lesson learned,源自 workbook High_Score_Features「Sub-skills / 判斷項目」逐項拆分（分隔符：；）。,ACTIVE,OWNER_ONLY,TRUE,FALSE
H5,H5-5,WRITE_HSF_INSIGHT,H5-5-2,WRITE_HSF_INSIGHT_MEANING,意義,meaning,源自 workbook High_Score_Features「Sub-skills / 判斷項目」逐項拆分（分隔符：；）。,ACTIVE,OWNER_ONLY,TRUE,FALSE
H5,H5-5,WRITE_HSF_INSIGHT,H5-5-3,WRITE_HSF_INSIGHT_IMPLICATION,意涵,implication,源自 workbook High_Score_Features「Sub-skills / 判斷項目」逐項拆分（分隔符：；）。,ACTIVE,OWNER_ONLY,TRUE,FALSE
H5,H5-5,WRITE_HSF_INSIGHT,H5-5-4,WRITE_HSF_INSIGHT_PERSPECTIVE_SHIFT,觀點轉變,perspective shift,源自 workbook High_Score_Features「Sub-skills / 判斷項目」逐項拆分（分隔符：；）。,ACTIVE,OWNER_ONLY,TRUE,FALSE
H5,H5-5,WRITE_HSF_INSIGHT,H5-5-5,WRITE_HSF_INSIGHT_DEEPER_INTERPRETATION,更深層詮釋,deeper interpretation,源自 workbook High_Score_Features「Sub-skills / 判斷項目」逐項拆分（分隔符：；）。,ACTIVE,OWNER_ONLY,TRUE,FALSE
H5,H5-5,WRITE_HSF_INSIGHT,H5-5-6,WRITE_HSF_INSIGHT_SO_WHAT,「so what?」,,源自 workbook High_Score_Features「Sub-skills / 判斷項目」逐項拆分（分隔符：；）。,ACTIVE,OWNER_ONLY,TRUE,FALSE
H5,H5-6,WRITE_HSF_MEANINGFUL_CLOSE,H5-6-1,WRITE_HSF_MEANINGFUL_CLOSE_SYNTHESIS,綜合收束,synthesis,源自 workbook High_Score_Features「Sub-skills / 判斷項目」逐項拆分（分隔符：；）。,ACTIVE,OWNER_ONLY,TRUE,FALSE
H5,H5-6,WRITE_HSF_MEANINGFUL_CLOSE,H5-6-2,WRITE_HSF_MEANINGFUL_CLOSE_RESOLUTION,收束解決,resolution,源自 workbook High_Score_Features「Sub-skills / 判斷項目」逐項拆分（分隔符：；）。,ACTIVE,OWNER_ONLY,TRUE,FALSE
H5,H5-6,WRITE_HSF_MEANINGFUL_CLOSE,H5-6-3,WRITE_HSF_MEANINGFUL_CLOSE_IMPLICATION,意涵,implication,源自 workbook High_Score_Features「Sub-skills / 判斷項目」逐項拆分（分隔符：；）。,ACTIVE,OWNER_ONLY,TRUE,FALSE
H5,H5-6,WRITE_HSF_MEANINGFUL_CLOSE,H5-6-4,WRITE_HSF_MEANINGFUL_CLOSE_RETURN_TO_CENTRAL_IDEA,回到核心概念,return to central idea,源自 workbook High_Score_Features「Sub-skills / 判斷項目」逐項拆分（分隔符：；）。,ACTIVE,OWNER_ONLY,TRUE,FALSE
H5,H5-6,WRITE_HSF_MEANINGFUL_CLOSE,H5-6-5,WRITE_HSF_MEANINGFUL_CLOSE_ANSWERING_THE_TASK,回應題目要求,answering the task,源自 workbook High_Score_Features「Sub-skills / 判斷項目」逐項拆分（分隔符：；）。,ACTIVE,OWNER_ONLY,TRUE,FALSE
H5,H5-6,WRITE_HSF_MEANINGFUL_CLOSE,H5-6-6,WRITE_HSF_MEANINGFUL_CLOSE_FUTURE_IMPLICATION,未來意涵,future implication,源自 workbook High_Score_Features「Sub-skills / 判斷項目」逐項拆分（分隔符：；）。,ACTIVE,OWNER_ONLY,TRUE,FALSE
